DATABASE,LABEL,TIME_PERIOD,COARSE_LOCATION_TOKEN,n_samples,n_publications
GEOROC,BABB,2011_2025,IZU-BONIN-MARIANA ARC,85,8
GEOROC,BABB,2011_2025,TONGA ARC,46,3
GEOROC,BABB,through_2010,BISMARCK ARC - NEW BRITAIN ARC,126,7
GEOROC,BABB,through_2010,IZU-BONIN-MARIANA ARC,318,19
GEOROC,BABB,through_2010,TONGA ARC,650,29
GEOROC,CAB,2011_2025,ANDEAN ARC,516,49
GEOROC,CAB,through_2010,ANDEAN ARC,349,54
GEOROC,CFB,2011_2025,AUSTRALIA,114,4
GEOROC,CFB,2011_2025,AVANAVERA LARGE IGNEOUS PROVINCE,9,1
GEOROC,CFB,2011_2025,CENTRAL ATLANTIC MAGMATIC PROVINCE - CAMP,761,15
GEOROC,CFB,2011_2025,COMEI LARGE IGNEOUS PROVINCE,14,2
GEOROC,CFB,2011_2025,DECCAN,1075,28
GEOROC,CFB,2011_2025,EMEISHAN,374,29
GEOROC,CFB,2011_2025,ETENDEKA PROVINCE,84,2
GEOROC,CFB,2011_2025,ETHIOPIAN PLATEAU,106,11
GEOROC,CFB,2011_2025,FRANKLIN LARGE IGNEOUS PROVINCE,41,3
GEOROC,CFB,2011_2025,GUNBARREL IGNEOUS EVENT - MAMMOTH-WESTERN CHANNEL,42,1
GEOROC,CFB,2011_2025,HIGH ARCTIC LARGE IGNEOUS PROVINCE,114,6
GEOROC,CFB,2011_2025,KAROO AND FERRAR PROVINCES,645,6
GEOROC,CFB,2011_2025,KUZNETSK BASIN (KUZBASS) TRAPS,39,2
GEOROC,CFB,2011_2025,LAKE VICTORIA LARGE IGNEOUS PROVINCE,7,1
GEOROC,CFB,2011_2025,MACKENZIE LARGE IGNEOUS PROVINCE,19,1
GEOROC,CFB,2011_2025,MADAGASCAR FLOOD BASALT,41,4
GEOROC,CFB,2011_2025,MAIMECHA-KOTUI PROVINCE,1,1
GEOROC,CFB,2011_2025,MALANI MAGMATIC PROVINCE,1,1
GEOROC,CFB,2011_2025,MATACHEWAN LARGE IGNEOUS PROVINCE,114,3
GEOROC,CFB,2011_2025,MIDCONTINENT RIFT SYSTEM-KEWEENAWAN,1,1
GEOROC,CFB,2011_2025,NANDALING - YANSHAN BELT,5,1
GEOROC,CFB,2011_2025,NORTH ATLANTIC IGNEOUS PROVINCE (NAIP),557,13
GEOROC,CFB,2011_2025,PANJAL-SOUTH QIANGTANG LARGE IGNEOUS PROVINCE,70,3
GEOROC,CFB,2011_2025,PARANA,656,20
GEOROC,CFB,2011_2025,QIANGTANG FLOOD BASALT PROVINCE,31,2
GEOROC,CFB,2011_2025,RAJAHMUNDRY TRAPS,8,1
GEOROC,CFB,2011_2025,RAJMAHAL-BENGAL-SYLHET,12,1
GEOROC,CFB,2011_2025,SIBERIAN TRAPS,232,14
GEOROC,CFB,2011_2025,TARIM LARGE IGNEOUS PROVINCE,119,10
GEOROC,CFB,2011_2025,UMKONDO LARGE IGNEOUS PROVINCE,67,1
GEOROC,CFB,2011_2025,YELLOWSTONE-SNAKE RIVER PLAIN VOLCANIC PROVINCE,406,19
GEOROC,CFB,2011_2025,YEMEN PLATEAU,3,1
GEOROC,CFB,through_2010,AUSTRALIA,142,14
GEOROC,CFB,through_2010,CENTRAL ATLANTIC MAGMATIC PROVINCE - CAMP,515,30
GEOROC,CFB,through_2010,CHILCOTIN PLATEAU BASALTS,44,4
GEOROC,CFB,through_2010,COMEI LARGE IGNEOUS PROVINCE,17,2
GEOROC,CFB,through_2010,DECCAN,1580,81
GEOROC,CFB,through_2010,EMEISHAN,497,24
GEOROC,CFB,through_2010,ETENDEKA PROVINCE,81,11
GEOROC,CFB,through_2010,ETHIOPIAN PLATEAU,362,14
GEOROC,CFB,through_2010,FRANKLIN LARGE IGNEOUS PROVINCE,25,2
GEOROC,CFB,through_2010,HIGH ARCTIC LARGE IGNEOUS PROVINCE,129,9
GEOROC,CFB,through_2010,KAROO AND FERRAR PROVINCES,970,39
GEOROC,CFB,through_2010,KUZNETSK BASIN (KUZBASS) TRAPS,13,2
GEOROC,CFB,through_2010,MACKENZIE LARGE IGNEOUS PROVINCE,259,7
GEOROC,CFB,through_2010,MADAGASCAR FLOOD BASALT,228,10
GEOROC,CFB,through_2010,MALANI MAGMATIC PROVINCE,15,5
GEOROC,CFB,through_2010,MARATHON LARGE IGNEOUS PROVINCE,22,2
GEOROC,CFB,through_2010,MATACHEWAN LARGE IGNEOUS PROVINCE,171,12
GEOROC,CFB,through_2010,MIDCONTINENT RIFT SYSTEM-KEWEENAWAN,221,18
GEOROC,CFB,through_2010,NANDALING - YANSHAN BELT,19,2
GEOROC,CFB,through_2010,NILUFER UNIT - YENISEHIR ASSOCIATION - PONTIDES,11,1
GEOROC,CFB,through_2010,NORTH ATLANTIC IGNEOUS PROVINCE (NAIP),1965,94
GEOROC,CFB,through_2010,NORTH GREENLAND PROTEROZOIC,26,2
GEOROC,CFB,through_2010,PANJAL-SOUTH QIANGTANG LARGE IGNEOUS PROVINCE,38,5
GEOROC,CFB,through_2010,PARANA,822,31
GEOROC,CFB,through_2010,RAJAHMUNDRY TRAPS,34,5
GEOROC,CFB,through_2010,RAJMAHAL-BENGAL-SYLHET,131,8
GEOROC,CFB,through_2010,RAMPUR-GARHWAL-MANDI-DARLA PROVINCE,70,2
GEOROC,CFB,through_2010,SIBERIAN TRAPS,399,19
GEOROC,CFB,through_2010,SOUTH TETHYAN SUTURE ZONE - PAKISTAN,9,1
GEOROC,CFB,through_2010,TARIM LARGE IGNEOUS PROVINCE,97,7
GEOROC,CFB,through_2010,TIBESTI VOLCANIC PROVINCE,4,1
GEOROC,CFB,through_2010,UMKONDO LARGE IGNEOUS PROVINCE,3,1
GEOROC,CFB,through_2010,WRANGELLIA,227,8
GEOROC,CFB,through_2010,YELLOWSTONE-SNAKE RIVER PLAIN VOLCANIC PROVINCE,2514,53
GEOROC,CFB,through_2010,YEMEN PLATEAU,137,6
GEOROC,CFB,unknown_year,MATACHEWAN LARGE IGNEOUS PROVINCE,9,1
GEOROC,IAB,2011_2025,HONSHU ARC,563,32
GEOROC,IAB,through_2010,HONSHU ARC,2143,227
GEOROC,IOAB,2011_2025,IZU-BONIN-MARIANA ARC,59,7
GEOROC,IOAB,2011_2025,KERMADEC ARC,5,2
GEOROC,IOAB,through_2010,IZU-BONIN-MARIANA ARC,311,45
GEOROC,IOAB,through_2010,KERMADEC ARC,171,11
GEOROC,MORB,2011_2025,BOLLONS FRACTURE ZONE,2,1
GEOROC,MORB,2011_2025,CAPE VERDE RIDGE,3,1
GEOROC,MORB,2011_2025,NINETYEAST RIDGE,63,1
GEOROC,MORB,2011_2025,STALEMATE RIDGE,9,1
GEOROC,MORB,through_2010,BROKEN RIDGE,32,2
GEOROC,MORB,through_2010,CARNEGIE RIDGE,5,1
GEOROC,MORB,through_2010,CHAGOS-LACCADIVE RIDGE,3,1
GEOROC,MORB,through_2010,COCOS RIDGE,3,3
GEOROC,MORB,through_2010,COIBA RIDGE,1,1
GEOROC,MORB,through_2010,GALAPAGOS RIDGE,158,5
GEOROC,MORB,through_2010,J-ANOMALY RIDGE,3,1
GEOROC,MORB,through_2010,KARIN RIDGE,5,1
GEOROC,MORB,through_2010,KELI RIDGE,1,1
GEOROC,MORB,through_2010,MADAGASCAR RIDGE,3,1
GEOROC,MORB,through_2010,MENDOZA RIFT,6,1
GEOROC,MORB,through_2010,MIDDLE AMERICA TRENCH,1,1
GEOROC,MORB,through_2010,NINETYEAST RIDGE,132,8
GEOROC,MORB,through_2010,WALVIS RIDGE,152,6
GEOROC,OIB,2011_2025,AHU VOLCANIC FIELD,1,1
GEOROC,OIB,2011_2025,AMSTERDAM-ST. PAUL,2,1
GEOROC,OIB,2011_2025,ASCENSION,18,4
GEOROC,OIB,2011_2025,AUSTRAL-COOK ISLANDS,85,8
GEOROC,OIB,2011_2025,AZORES,784,16
GEOROC,OIB,2011_2025,CAMEROON LINE,44,1
GEOROC,OIB,2011_2025,CANARY ISLANDS,32,7
GEOROC,OIB,2011_2025,CAPE VERDE ISLANDS,29,3
GEOROC,OIB,2011_2025,CAROLINE ISLANDS,12,1
GEOROC,OIB,2011_2025,CHRISTMAS ISLAND SEAMOUNT PROVINCE,4,1
GEOROC,OIB,2011_2025,COMOROS,17,5
GEOROC,OIB,2011_2025,CROZET ISLANDS,39,3
GEOROC,OIB,2011_2025,DESVENTURADOS ISLANDS,4,1
GEOROC,OIB,2011_2025,EASTER SEAMOUNT CHAIN - SALAS Y GOMEZ RIDGE,3,2
GEOROC,OIB,2011_2025,FERNANDO DE NORONHA ARCHIPELAGO,18,3
GEOROC,OIB,2011_2025,GALAPAGOS ISLANDS,177,4
GEOROC,OIB,2011_2025,GOUGH CHAIN,12,1
GEOROC,OIB,2011_2025,HAINAN ISLAND,278,7
GEOROC,OIB,2011_2025,HAWAIIAN ISLANDS,500,19
GEOROC,OIB,2011_2025,HAWAIIAN-EMPEROR CHAIN,4,1
GEOROC,OIB,2011_2025,ICELAND,624,31
GEOROC,OIB,2011_2025,JAN MAYEN,7,1
GEOROC,OIB,2011_2025,JUAN FERNANDEZ ISLANDS,61,2
GEOROC,OIB,2011_2025,KERGUELEN,3,1
GEOROC,OIB,2011_2025,LEIZHOU PENINSULA,67,1
GEOROC,OIB,2011_2025,LORD HOWE TRACK,23,1
GEOROC,OIB,2011_2025,MARION ISLANDS,34,1
GEOROC,OIB,2011_2025,MARQUESAS,56,3
GEOROC,OIB,2011_2025,MASCARENE ISLANDS INCL. REUNION,141,17
GEOROC,OIB,2011_2025,PETER I ISLAND,6,1
GEOROC,OIB,2011_2025,PITCAIRN-GAMBIER CHAIN,73,7
GEOROC,OIB,2011_2025,PRINCE EDWARD ISLANDS,32,1
GEOROC,OIB,2011_2025,ROSS ISLAND,37,1
GEOROC,OIB,2011_2025,SAMOAN ISLANDS,38,3
GEOROC,OIB,2011_2025,SOCIETY ISLANDS,4,2
GEOROC,OIB,2011_2025,ST. HELENA CHAIN,73,4
GEOROC,OIB,2011_2025,TRISTAN DA CUNHA GROUP,11,3
GEOROC,OIB,through_2010,AHU VOLCANIC FIELD,33,2
GEOROC,OIB,through_2010,AMSTERDAM-ST. PAUL,60,7
GEOROC,OIB,through_2010,ASCENSION,20,6
GEOROC,OIB,through_2010,AUSTRAL-COOK ISLANDS,229,22
GEOROC,OIB,through_2010,AZORES,317,24
GEOROC,OIB,through_2010,BALLENY ISLANDS,2,1
GEOROC,OIB,through_2010,BOUVET,22,3
GEOROC,OIB,through_2010,CAMEROON LINE,32,5
GEOROC,OIB,through_2010,CANARY ISLANDS,1064,63
GEOROC,OIB,through_2010,CAPE VERDE ISLANDS,138,11
GEOROC,OIB,through_2010,CAROLINE ISLANDS,25,5
GEOROC,OIB,through_2010,COCOS ISLAND,15,4
GEOROC,OIB,through_2010,COMOROS,117,11
GEOROC,OIB,through_2010,CROZET ISLANDS,24,5
GEOROC,OIB,through_2010,DESVENTURADOS ISLANDS,3,1
GEOROC,OIB,through_2010,EASTER SEAMOUNT CHAIN - SALAS Y GOMEZ RIDGE,93,8
GEOROC,OIB,through_2010,FERNANDO DE NORONHA ARCHIPELAGO,5,3
GEOROC,OIB,through_2010,GALAPAGOS ISLANDS,816,27
GEOROC,OIB,through_2010,GOUGH CHAIN,70,6
GEOROC,OIB,through_2010,HAINAN ISLAND,68,5
GEOROC,OIB,through_2010,HAWAIIAN ARCH VOLCANIC FIELDS,61,2
GEOROC,OIB,through_2010,HAWAIIAN ISLANDS,6679,217
GEOROC,OIB,through_2010,HAWAIIAN-EMPEROR CHAIN,14,2
GEOROC,OIB,through_2010,HEARD,45,5
GEOROC,OIB,through_2010,ICELAND,2425,123
GEOROC,OIB,through_2010,JAN MAYEN,120,12
GEOROC,OIB,through_2010,JUAN FERNANDEZ ISLANDS,39,4
GEOROC,OIB,through_2010,KERGUELEN,289,19
GEOROC,OIB,through_2010,LEIZHOU PENINSULA,55,3
GEOROC,OIB,through_2010,MADEIRA ARCHIPELAGO,231,9
GEOROC,OIB,through_2010,MARION ISLANDS,15,2
GEOROC,OIB,through_2010,MARQUESAS,295,21
GEOROC,OIB,through_2010,MASCARENE ISLANDS INCL. REUNION,817,29
GEOROC,OIB,through_2010,PETER I ISLAND,13,3
GEOROC,OIB,through_2010,PITCAIRN-GAMBIER CHAIN,111,15
GEOROC,OIB,through_2010,PRINCE EDWARD ISLANDS,7,2
GEOROC,OIB,through_2010,REVILLAGIGEDO ARCHIPELAGO,41,4
GEOROC,OIB,through_2010,ROSS ISLAND,8,2
GEOROC,OIB,through_2010,SAMOAN ISLANDS,168,11
GEOROC,OIB,through_2010,SELVAGEN ISLANDS,12,1
GEOROC,OIB,through_2010,SOCIETY ISLANDS,195,24
GEOROC,OIB,through_2010,ST. HELENA CHAIN,89,11
GEOROC,OIB,through_2010,TRISTAN DA CUNHA GROUP,57,9
GEOROC,OIB,through_2010,TUPA VOLCANIC FIELD,4,1
GEOROC,OIB,through_2010,UMU VOLCANIC FIELD,15,1
GEOROC,OPB,2011_2025,CARIBBEAN-COLOMBIAN PLATEAU,19,5
GEOROC,OPB,2011_2025,MANIHIKI PLATEAU,68,3
GEOROC,OPB,2011_2025,ONTONG JAVA,22,3
GEOROC,OPB,2011_2025,SHATSKY RISE,215,1
GEOROC,OPB,through_2010,BERMUDA RISE,287,4
GEOROC,OPB,through_2010,BRAZIL BASIN,4,1
GEOROC,OPB,through_2010,CAPE VERDE RISE,3,1
GEOROC,OPB,through_2010,CARIBBEAN-COLOMBIAN PLATEAU,357,29
GEOROC,OPB,through_2010,CUVIER (WALLABY) PLATEAU,2,1
GEOROC,OPB,through_2010,HESS RISE,3,2
GEOROC,OPB,through_2010,HIKURANGI PLATEAU,18,2
GEOROC,OPB,through_2010,KERGUELEN PLATEAU,305,17
GEOROC,OPB,through_2010,MANIHIKI PLATEAU,34,4
GEOROC,OPB,through_2010,MASCARENE PLATEAU,2,1
GEOROC,OPB,through_2010,NATURALISTE PLATEAU,9,2
GEOROC,OPB,through_2010,ONTONG JAVA,478,11
GEOROC,OPB,through_2010,RIO GRANDE RISE,32,2
GEOROC,OPB,through_2010,SAO PAULO PLATEAU,1,1
GEOROC,OPB,through_2010,SHATSKY RISE,1,1
PetDB,MORB,2011_2025,"""COUNTRY | ECUADOR",4,1
PetDB,MORB,2011_2025,"""COUNTRY | ICELAND",19,3
PetDB,MORB,2011_2025,"""COUNTRY | KENYA",21,1
PetDB,MORB,2011_2025,"""FRACTURE_ZONE | DISCOVERY",1,1
PetDB,MORB,2011_2025,"""FRACTURE_ZONE | DOLDRUMS",7,1
PetDB,MORB,2011_2025,"""FRACTURE_ZONE | MELVILLE",1,1
PetDB,MORB,2011_2025,"""FRACTURE_ZONE | OWEN",4,1
PetDB,MORB,2011_2025,"""FRACTURE_ZONE | SOUTHWEST INDIAN RIDGE",15,1
PetDB,MORB,2011_2025,"""ISLAND_GROUP | GALAPAGOS ARCHIPELAGO",14,3
PetDB,MORB,2011_2025,"""OCEAN | ARCTIC",19,6
PetDB,MORB,2011_2025,"""OCEAN | ATLANTIC",138,13
PetDB,MORB,2011_2025,"""OCEAN | INDIAN",146,16
PetDB,MORB,2011_2025,"""OCEAN | PACIFIC",69,12
PetDB,MORB,2011_2025,"""OCEAN | SOUTHERN",7,1
PetDB,MORB,2011_2025,"""OCEANIC_PLATEAU | AZORES PLATFORM",7,2
PetDB,MORB,2011_2025,"""OCEAN_ISLAND | ESPANOLA",2,1
PetDB,MORB,2011_2025,"""OCEAN_ISLAND | FAIAL",2,1
PetDB,MORB,2011_2025,"""OCEAN_ISLAND | FERNANDINA",1,1
PetDB,MORB,2011_2025,"""OCEAN_ISLAND | ICELAND",14,2
PetDB,MORB,2011_2025,"""OCEAN_ISLAND | SAN CRISTOBAL",7,1
PetDB,MORB,2011_2025,"""OCEAN_ISLAND | SANTA CRUZ",1,1
PetDB,MORB,2011_2025,"""OCEAN_ISLAND | SAO JORGE",1,1
PetDB,MORB,2011_2025,"""OCEAN_ISLAND | TERCEIRA",4,2
PetDB,MORB,2011_2025,"""RIDGE_SECTION | SOUTHEAST INDIAN RIDGE",5,1
PetDB,MORB,2011_2025,"""RIFT | TERCEIRA",3,1
PetDB,MORB,2011_2025,"""SEAMOUNT | AXIAL",2,1
PetDB,MORB,2011_2025,"""SEAMOUNT_CHAIN | GALAPAGOS SEAMOUNTS",6,1
PetDB,MORB,2011_2025,"""SPREADING_CENTER",13,3
PetDB,MORB,2011_2025,"""SPREADING_CENTER | ARCTIC MID-OCEAN RIDGES",9,1
PetDB,MORB,2011_2025,"""SPREADING_CENTER | AZORES TRIPLE JUNCTION",13,3
PetDB,MORB,2011_2025,"""SPREADING_CENTER | CARLSBERG RIDGE",45,4
PetDB,MORB,2011_2025,"""SPREADING_CENTER | CENTRAL INDIAN RIDGE",66,6
PetDB,MORB,2011_2025,"""SPREADING_CENTER | COCOS-NAZCA",5,1
PetDB,MORB,2011_2025,"""SPREADING_CENTER | EAST AFRICAN RIFT",20,2
PetDB,MORB,2011_2025,"""SPREADING_CENTER | EAST PACIFIC RISE",49,6
PetDB,MORB,2011_2025,"""SPREADING_CENTER | EXPLORER RIDGE",1,1
PetDB,MORB,2011_2025,"""SPREADING_CENTER | GAKKEL RIDGE",23,3
PetDB,MORB,2011_2025,"""SPREADING_CENTER | GALAPAGOS",38,8
PetDB,MORB,2011_2025,"""SPREADING_CENTER | JUAN DE FUCA RIDGE",2,1
PetDB,MORB,2011_2025,"""SPREADING_CENTER | MID-ATLANTIC RIDGE",213,14
PetDB,MORB,2011_2025,"""SPREADING_CENTER | NORTH SCOTIA RIDGE",9,1
PetDB,MORB,2011_2025,"""SPREADING_CENTER | PACIFIC-ANTARCTIC RIDGE",4,1
PetDB,MORB,2011_2025,"""SPREADING_CENTER | REYKJANES RIDGE",16,2
PetDB,MORB,2011_2025,"""SPREADING_CENTER | SOUTHEAST INDIAN RIDGE",3,2
PetDB,MORB,2011_2025,"""SPREADING_CENTER | SOUTHWEST INDIAN RIDGE",95,8
PetDB,MORB,2011_2025,"""SPREADING_CENTER | VALU FA RIDGE",1,1
PetDB,MORB,through_2010,"""BACK-ARC_BASIN | ALBORAN",2,1
PetDB,MORB,through_2010,"""COUNTRY | DJIBOUTI",2,1
PetDB,MORB,through_2010,"""COUNTRY | ECUADOR",5,2
PetDB,MORB,through_2010,"""COUNTRY | KENYA",1,1
PetDB,MORB,through_2010,"""FRACTURE_ZONE | ANDREW BAIN",4,1
PetDB,MORB,through_2010,"""FRACTURE_ZONE | ATLANTIS",11,3
PetDB,MORB,through_2010,"""FRACTURE_ZONE | DISCOVERY",7,2
PetDB,MORB,through_2010,"""FRACTURE_ZONE | DU TOIT",2,1
PetDB,MORB,through_2010,"""FRACTURE_ZONE | ERIC SIMPSON",6,3
PetDB,MORB,through_2010,"""FRACTURE_ZONE | GARRETT TRANSFORM FAULT",2,1
PetDB,MORB,through_2010,"""FRACTURE_ZONE | INDOMED",6,1
PetDB,MORB,through_2010,"""FRACTURE_ZONE | KANE",17,3
PetDB,MORB,through_2010,"""FRACTURE_ZONE | METEOR RISE",3,2
PetDB,MORB,through_2010,"""FRACTURE_ZONE | PITO",64,4
PetDB,MORB,through_2010,"""FRACTURE_ZONE | PITO FRACTURE ZONE",11,3
PetDB,MORB,through_2010,"""FRACTURE_ZONE | PRINCE EDWARD",1,1
PetDB,MORB,through_2010,"""FRACTURE_ZONE | SHONA RIDGE",5,2
PetDB,MORB,through_2010,"""FRACTURE_ZONE | SIQUEIROS",6,2
PetDB,MORB,through_2010,"""ISLAND_GROUP | GALAPAGOS ARCHIPELAGO",4,1
PetDB,MORB,through_2010,"""ISLAND_GROUP | HANISH-ZUKUR GROUP",1,1
PetDB,MORB,through_2010,"""ISLAND_GROUP | JEBEL TEIR",4,1
PetDB,MORB,through_2010,"""ISLAND_GROUP | ZUBAIR",5,1
PetDB,MORB,through_2010,"""OCEAN | ARCTIC",77,10
PetDB,MORB,through_2010,"""OCEAN | ATLANTIC",439,68
PetDB,MORB,through_2010,"""OCEAN | INDIAN",133,32
PetDB,MORB,through_2010,"""OCEAN | PACIFIC",832,85
PetDB,MORB,through_2010,"""OCEAN | SOUTHERN",10,2
PetDB,MORB,through_2010,"""OCEAN_ISLAND | ICELAND",1,1
PetDB,MORB,through_2010,"""RIDGE_SECTION | SOUTHEAST INDIAN RIDGE",1,1
PetDB,MORB,through_2010,"""RIDGE_SECTION | SOUTHWEST INDIAN RIDGE",2,2
PetDB,MORB,through_2010,"""SEA",7,1
PetDB,MORB,through_2010,"""SEA | ARABIAN",3,3
PetDB,MORB,through_2010,"""SEA | CARIBBEAN",1,1
PetDB,MORB,through_2010,"""SEA | GULF OF CALIFORNIA",13,1
PetDB,MORB,through_2010,"""SEA | RED",81,9
PetDB,MORB,through_2010,"""SEAMOUNT | AXIAL",2,1
PetDB,MORB,through_2010,"""SEAMOUNT_CHAIN | GALAPAGOS SEAMOUNTS",2,1
PetDB,MORB,through_2010,"""SPREADING_CENTER",13,8
PetDB,MORB,through_2010,"""SPREADING_CENTER | AMERICAN-ANTARCTIC RIDGE",11,1
PetDB,MORB,through_2010,"""SPREADING_CENTER | CARLSBERG RIDGE",3,2
PetDB,MORB,through_2010,"""SPREADING_CENTER | CENTRAL INDIAN RIDGE",6,5
PetDB,MORB,through_2010,"""SPREADING_CENTER | CHILE RIDGE",22,4
PetDB,MORB,through_2010,"""SPREADING_CENTER | CHINOOK TROUGH",1,1
PetDB,MORB,through_2010,"""SPREADING_CENTER | COCOS RIDGE",3,3
PetDB,MORB,through_2010,"""SPREADING_CENTER | COCOS-NAZCA",83,3
PetDB,MORB,through_2010,"""SPREADING_CENTER | EAST AFRICAN RIFT",5,1
PetDB,MORB,through_2010,"""SPREADING_CENTER | EAST PACIFIC RISE",536,42
PetDB,MORB,through_2010,"""SPREADING_CENTER | EASTER MICROPLATE RIFTS",4,2
PetDB,MORB,through_2010,"""SPREADING_CENTER | EXPLORER RIDGE",33,4
PetDB,MORB,through_2010,"""SPREADING_CENTER | GALAPAGOS",124,19
PetDB,MORB,through_2010,"""SPREADING_CENTER | GALAPAGOS SPREADING CENTER",3,3
PetDB,MORB,through_2010,"""SPREADING_CENTER | GORDA RIDGE",6,1
PetDB,MORB,through_2010,"""SPREADING_CENTER | GULF OF ADEN",2,2
PetDB,MORB,through_2010,"""SPREADING_CENTER | GULF OF TADJOURA",1,1
PetDB,MORB,through_2010,"""SPREADING_CENTER | JUAN DE FUCA RIDGE",137,8
PetDB,MORB,through_2010,"""SPREADING_CENTER | KNIPOVICH RIDGE",8,1
PetDB,MORB,through_2010,"""SPREADING_CENTER | KOLBEINSEY RIDGE",11,1
PetDB,MORB,through_2010,"""SPREADING_CENTER | MALPELO RIDGE",1,1
PetDB,MORB,through_2010,"""SPREADING_CENTER | MID-ATLANTIC RIDGE",359,56
PetDB,MORB,through_2010,"""SPREADING_CENTER | MOHNS RIDGE",15,4
PetDB,MORB,through_2010,"""SPREADING_CENTER | PACIFIC-ANTARCTIC RIDGE",17,4
PetDB,MORB,through_2010,"""SPREADING_CENTER | RED SEA",92,10
PetDB,MORB,through_2010,"""SPREADING_CENTER | REYKJANES RIDGE",107,7
PetDB,MORB,through_2010,"""SPREADING_CENTER | SOUTHEAST INDIAN RIDGE",110,12
PetDB,MORB,through_2010,"""SPREADING_CENTER | SOUTHWEST INDIAN RIDGE",60,12
PetDB,MORB,through_2010,[unknown],43,8
