subsample,reg_lambda,reg_alpha,min_child_weight,max_depth,learning_rate,colsample_bytree,config_id,fold,n_train,n_valid,n_train_publications,n_valid_publications,n_features,completeness_threshold,selected_features,best_iteration,accuracy,balanced_accuracy,macro_f1,weighted_f1
1.0,1.0,1.0,5,4,0.02,1.0,1,0,25462,8609,1339,449,19,10,SIO2(WT%)|TIO2(WT%)|AL2O3(WT%)|FE_TOTAL(WT%)|CAO(WT%)|MGO(WT%)|MNO(WT%)|K2O(WT%)|NA2O(WT%)|P2O5(WT%)|V(PPM)|CR(PPM)|NI(PPM)|RB(PPM)|SR(PPM)|Y(PPM)|ZR(PPM)|NB(PPM)|BA(PPM),1799,0.829248460912998,0.7504907608872982,0.7322044276350013,0.8316724190507505
1.0,1.0,1.0,5,4,0.02,1.0,1,1,25500,8571,1352,436,19,10,SIO2(WT%)|TIO2(WT%)|AL2O3(WT%)|FE_TOTAL(WT%)|CAO(WT%)|MGO(WT%)|MNO(WT%)|K2O(WT%)|NA2O(WT%)|P2O5(WT%)|V(PPM)|CR(PPM)|NI(PPM)|RB(PPM)|SR(PPM)|Y(PPM)|ZR(PPM)|NB(PPM)|BA(PPM),1799,0.80014000700035,0.6680336509786344,0.6332897006059584,0.8014356597321649
1.0,1.0,1.0,5,4,0.02,1.0,1,2,25854,8217,1333,455,19,10,SIO2(WT%)|TIO2(WT%)|AL2O3(WT%)|FE_TOTAL(WT%)|CAO(WT%)|MGO(WT%)|MNO(WT%)|K2O(WT%)|NA2O(WT%)|P2O5(WT%)|V(PPM)|CR(PPM)|NI(PPM)|RB(PPM)|SR(PPM)|Y(PPM)|ZR(PPM)|NB(PPM)|BA(PPM),1797,0.7761956918583425,0.6552083100742974,0.6412687204171641,0.7788825623622015
1.0,1.0,1.0,5,4,0.02,1.0,1,3,25397,8674,1340,448,19,10,SIO2(WT%)|TIO2(WT%)|AL2O3(WT%)|FE_TOTAL(WT%)|CAO(WT%)|MGO(WT%)|MNO(WT%)|K2O(WT%)|NA2O(WT%)|P2O5(WT%)|V(PPM)|CR(PPM)|NI(PPM)|RB(PPM)|SR(PPM)|Y(PPM)|ZR(PPM)|NB(PPM)|BA(PPM),1799,0.7844131888402122,0.7291061318594941,0.6957016389932209,0.7873530184006022
0.7,10.0,0.1,3,6,0.02,0.7,2,0,25462,8609,1339,449,19,10,SIO2(WT%)|TIO2(WT%)|AL2O3(WT%)|FE_TOTAL(WT%)|CAO(WT%)|MGO(WT%)|MNO(WT%)|K2O(WT%)|NA2O(WT%)|P2O5(WT%)|V(PPM)|CR(PPM)|NI(PPM)|RB(PPM)|SR(PPM)|Y(PPM)|ZR(PPM)|NB(PPM)|BA(PPM),1799,0.8469044023696132,0.750723967986226,0.7491481169990968,0.8470066335115268
0.7,10.0,0.1,3,6,0.02,0.7,2,1,25500,8571,1352,436,19,10,SIO2(WT%)|TIO2(WT%)|AL2O3(WT%)|FE_TOTAL(WT%)|CAO(WT%)|MGO(WT%)|MNO(WT%)|K2O(WT%)|NA2O(WT%)|P2O5(WT%)|V(PPM)|CR(PPM)|NI(PPM)|RB(PPM)|SR(PPM)|Y(PPM)|ZR(PPM)|NB(PPM)|BA(PPM),1799,0.8288414420721036,0.6779330778766354,0.6658785583473136,0.8260383732640248
0.7,10.0,0.1,3,6,0.02,0.7,2,2,25854,8217,1333,455,19,10,SIO2(WT%)|TIO2(WT%)|AL2O3(WT%)|FE_TOTAL(WT%)|CAO(WT%)|MGO(WT%)|MNO(WT%)|K2O(WT%)|NA2O(WT%)|P2O5(WT%)|V(PPM)|CR(PPM)|NI(PPM)|RB(PPM)|SR(PPM)|Y(PPM)|ZR(PPM)|NB(PPM)|BA(PPM),1799,0.80406474382378,0.6655404691763356,0.6742580517118808,0.8029537971306013
0.7,10.0,0.1,3,6,0.02,0.7,2,3,25397,8674,1340,448,19,10,SIO2(WT%)|TIO2(WT%)|AL2O3(WT%)|FE_TOTAL(WT%)|CAO(WT%)|MGO(WT%)|MNO(WT%)|K2O(WT%)|NA2O(WT%)|P2O5(WT%)|V(PPM)|CR(PPM)|NI(PPM)|RB(PPM)|SR(PPM)|Y(PPM)|ZR(PPM)|NB(PPM)|BA(PPM),1798,0.8110445008070094,0.7336843101903185,0.7233322335901756,0.8101467423125401
0.9,10.0,0.0,1,4,0.02,0.8,3,0,25462,8609,1339,449,19,10,SIO2(WT%)|TIO2(WT%)|AL2O3(WT%)|FE_TOTAL(WT%)|CAO(WT%)|MGO(WT%)|MNO(WT%)|K2O(WT%)|NA2O(WT%)|P2O5(WT%)|V(PPM)|CR(PPM)|NI(PPM)|RB(PPM)|SR(PPM)|Y(PPM)|ZR(PPM)|NB(PPM)|BA(PPM),1799,0.829016145893832,0.7556461473312307,0.7314201696646683,0.8319028388025721
0.9,10.0,0.0,1,4,0.02,0.8,3,1,25500,8571,1352,436,19,10,SIO2(WT%)|TIO2(WT%)|AL2O3(WT%)|FE_TOTAL(WT%)|CAO(WT%)|MGO(WT%)|MNO(WT%)|K2O(WT%)|NA2O(WT%)|P2O5(WT%)|V(PPM)|CR(PPM)|NI(PPM)|RB(PPM)|SR(PPM)|Y(PPM)|ZR(PPM)|NB(PPM)|BA(PPM),1799,0.8069070120172676,0.6817719451706135,0.645503684141224,0.8079666893688433
0.9,10.0,0.0,1,4,0.02,0.8,3,2,25854,8217,1333,455,19,10,SIO2(WT%)|TIO2(WT%)|AL2O3(WT%)|FE_TOTAL(WT%)|CAO(WT%)|MGO(WT%)|MNO(WT%)|K2O(WT%)|NA2O(WT%)|P2O5(WT%)|V(PPM)|CR(PPM)|NI(PPM)|RB(PPM)|SR(PPM)|Y(PPM)|ZR(PPM)|NB(PPM)|BA(PPM),1799,0.775708896190824,0.6720866195959767,0.6514508204701681,0.7794028041964993
0.9,10.0,0.0,1,4,0.02,0.8,3,3,25397,8674,1340,448,19,10,SIO2(WT%)|TIO2(WT%)|AL2O3(WT%)|FE_TOTAL(WT%)|CAO(WT%)|MGO(WT%)|MNO(WT%)|K2O(WT%)|NA2O(WT%)|P2O5(WT%)|V(PPM)|CR(PPM)|NI(PPM)|RB(PPM)|SR(PPM)|Y(PPM)|ZR(PPM)|NB(PPM)|BA(PPM),1799,0.7816462992852202,0.7276887160849911,0.6935674394496423,0.7849874487074991
0.7,10.0,1.0,5,4,0.03,0.9,4,0,25462,8609,1339,449,19,10,SIO2(WT%)|TIO2(WT%)|AL2O3(WT%)|FE_TOTAL(WT%)|CAO(WT%)|MGO(WT%)|MNO(WT%)|K2O(WT%)|NA2O(WT%)|P2O5(WT%)|V(PPM)|CR(PPM)|NI(PPM)|RB(PPM)|SR(PPM)|Y(PPM)|ZR(PPM)|NB(PPM)|BA(PPM),1799,0.8373794865838077,0.7528901472828583,0.7372218716486103,0.8392849125827535
0.7,10.0,1.0,5,4,0.03,0.9,4,1,25500,8571,1352,436,19,10,SIO2(WT%)|TIO2(WT%)|AL2O3(WT%)|FE_TOTAL(WT%)|CAO(WT%)|MGO(WT%)|MNO(WT%)|K2O(WT%)|NA2O(WT%)|P2O5(WT%)|V(PPM)|CR(PPM)|NI(PPM)|RB(PPM)|SR(PPM)|Y(PPM)|ZR(PPM)|NB(PPM)|BA(PPM),1799,0.8167075020417688,0.6864737571187817,0.6573724091354813,0.8165486813511889
0.7,10.0,1.0,5,4,0.03,0.9,4,2,25854,8217,1333,455,19,10,SIO2(WT%)|TIO2(WT%)|AL2O3(WT%)|FE_TOTAL(WT%)|CAO(WT%)|MGO(WT%)|MNO(WT%)|K2O(WT%)|NA2O(WT%)|P2O5(WT%)|V(PPM)|CR(PPM)|NI(PPM)|RB(PPM)|SR(PPM)|Y(PPM)|ZR(PPM)|NB(PPM)|BA(PPM),1798,0.7897042716319824,0.6687681282151525,0.6599103773254205,0.7910329693756205
0.7,10.0,1.0,5,4,0.03,0.9,4,3,25397,8674,1340,448,19,10,SIO2(WT%)|TIO2(WT%)|AL2O3(WT%)|FE_TOTAL(WT%)|CAO(WT%)|MGO(WT%)|MNO(WT%)|K2O(WT%)|NA2O(WT%)|P2O5(WT%)|V(PPM)|CR(PPM)|NI(PPM)|RB(PPM)|SR(PPM)|Y(PPM)|ZR(PPM)|NB(PPM)|BA(PPM),1798,0.7988240719391284,0.7340104009485501,0.7110616869306744,0.8005411854900587
0.7,2.0,0.1,1,8,0.02,0.9,5,0,25462,8609,1339,449,19,10,SIO2(WT%)|TIO2(WT%)|AL2O3(WT%)|FE_TOTAL(WT%)|CAO(WT%)|MGO(WT%)|MNO(WT%)|K2O(WT%)|NA2O(WT%)|P2O5(WT%)|V(PPM)|CR(PPM)|NI(PPM)|RB(PPM)|SR(PPM)|Y(PPM)|ZR(PPM)|NB(PPM)|BA(PPM),1017,0.851202230224184,0.7344644245569015,0.7459309223547493,0.8502975924682119
0.7,2.0,0.1,1,8,0.02,0.9,5,1,25500,8571,1352,436,19,10,SIO2(WT%)|TIO2(WT%)|AL2O3(WT%)|FE_TOTAL(WT%)|CAO(WT%)|MGO(WT%)|MNO(WT%)|K2O(WT%)|NA2O(WT%)|P2O5(WT%)|V(PPM)|CR(PPM)|NI(PPM)|RB(PPM)|SR(PPM)|Y(PPM)|ZR(PPM)|NB(PPM)|BA(PPM),830,0.8350250845875627,0.674378264273914,0.6692070835290495,0.8306182230094766
0.7,2.0,0.1,1,8,0.02,0.9,5,2,25854,8217,1333,455,19,10,SIO2(WT%)|TIO2(WT%)|AL2O3(WT%)|FE_TOTAL(WT%)|CAO(WT%)|MGO(WT%)|MNO(WT%)|K2O(WT%)|NA2O(WT%)|P2O5(WT%)|V(PPM)|CR(PPM)|NI(PPM)|RB(PPM)|SR(PPM)|Y(PPM)|ZR(PPM)|NB(PPM)|BA(PPM),835,0.8047949373250578,0.6480421428913187,0.6703327878318794,0.8022484222592066
0.7,2.0,0.1,1,8,0.02,0.9,5,3,25397,8674,1340,448,19,10,SIO2(WT%)|TIO2(WT%)|AL2O3(WT%)|FE_TOTAL(WT%)|CAO(WT%)|MGO(WT%)|MNO(WT%)|K2O(WT%)|NA2O(WT%)|P2O5(WT%)|V(PPM)|CR(PPM)|NI(PPM)|RB(PPM)|SR(PPM)|Y(PPM)|ZR(PPM)|NB(PPM)|BA(PPM),834,0.8169241411113674,0.7372898788686568,0.7352165246578015,0.8147913790528143
0.8,5.0,1.0,3,8,0.02,0.8,6,0,25462,8609,1339,449,19,10,SIO2(WT%)|TIO2(WT%)|AL2O3(WT%)|FE_TOTAL(WT%)|CAO(WT%)|MGO(WT%)|MNO(WT%)|K2O(WT%)|NA2O(WT%)|P2O5(WT%)|V(PPM)|CR(PPM)|NI(PPM)|RB(PPM)|SR(PPM)|Y(PPM)|ZR(PPM)|NB(PPM)|BA(PPM),1564,0.8482982924846091,0.746992809637697,0.7516535032944094,0.8476951168178248
0.8,5.0,1.0,3,8,0.02,0.8,6,1,25500,8571,1352,436,19,10,SIO2(WT%)|TIO2(WT%)|AL2O3(WT%)|FE_TOTAL(WT%)|CAO(WT%)|MGO(WT%)|MNO(WT%)|K2O(WT%)|NA2O(WT%)|P2O5(WT%)|V(PPM)|CR(PPM)|NI(PPM)|RB(PPM)|SR(PPM)|Y(PPM)|ZR(PPM)|NB(PPM)|BA(PPM),1317,0.8330416520826042,0.6790403479724693,0.6689808546192016,0.8291866719216292
0.8,5.0,1.0,3,8,0.02,0.8,6,2,25854,8217,1333,455,19,10,SIO2(WT%)|TIO2(WT%)|AL2O3(WT%)|FE_TOTAL(WT%)|CAO(WT%)|MGO(WT%)|MNO(WT%)|K2O(WT%)|NA2O(WT%)|P2O5(WT%)|V(PPM)|CR(PPM)|NI(PPM)|RB(PPM)|SR(PPM)|Y(PPM)|ZR(PPM)|NB(PPM)|BA(PPM),1192,0.8022392600705853,0.6515842593275016,0.6674048334601514,0.8003414909719315
0.8,5.0,1.0,3,8,0.02,0.8,6,3,25397,8674,1340,448,19,10,SIO2(WT%)|TIO2(WT%)|AL2O3(WT%)|FE_TOTAL(WT%)|CAO(WT%)|MGO(WT%)|MNO(WT%)|K2O(WT%)|NA2O(WT%)|P2O5(WT%)|V(PPM)|CR(PPM)|NI(PPM)|RB(PPM)|SR(PPM)|Y(PPM)|ZR(PPM)|NB(PPM)|BA(PPM),1208,0.8123126585197141,0.7326135913556804,0.7268358603613732,0.8105531478962775
0.9,1.0,0.1,10,3,0.03,1.0,7,0,25462,8609,1339,449,19,10,SIO2(WT%)|TIO2(WT%)|AL2O3(WT%)|FE_TOTAL(WT%)|CAO(WT%)|MGO(WT%)|MNO(WT%)|K2O(WT%)|NA2O(WT%)|P2O5(WT%)|V(PPM)|CR(PPM)|NI(PPM)|RB(PPM)|SR(PPM)|Y(PPM)|ZR(PPM)|NB(PPM)|BA(PPM),1798,0.8249506330584272,0.7540112574286898,0.7244057923382328,0.8286417624538078
0.9,1.0,0.1,10,3,0.03,1.0,7,1,25500,8571,1352,436,19,10,SIO2(WT%)|TIO2(WT%)|AL2O3(WT%)|FE_TOTAL(WT%)|CAO(WT%)|MGO(WT%)|MNO(WT%)|K2O(WT%)|NA2O(WT%)|P2O5(WT%)|V(PPM)|CR(PPM)|NI(PPM)|RB(PPM)|SR(PPM)|Y(PPM)|ZR(PPM)|NB(PPM)|BA(PPM),1799,0.7978065569945164,0.6774194736687746,0.6371407845979944,0.8008042813512288
0.9,1.0,0.1,10,3,0.03,1.0,7,2,25854,8217,1333,455,19,10,SIO2(WT%)|TIO2(WT%)|AL2O3(WT%)|FE_TOTAL(WT%)|CAO(WT%)|MGO(WT%)|MNO(WT%)|K2O(WT%)|NA2O(WT%)|P2O5(WT%)|V(PPM)|CR(PPM)|NI(PPM)|RB(PPM)|SR(PPM)|Y(PPM)|ZR(PPM)|NB(PPM)|BA(PPM),1799,0.7663380795910917,0.6714577358673463,0.6420078025213218,0.771467661589513
0.9,1.0,0.1,10,3,0.03,1.0,7,3,25397,8674,1340,448,19,10,SIO2(WT%)|TIO2(WT%)|AL2O3(WT%)|FE_TOTAL(WT%)|CAO(WT%)|MGO(WT%)|MNO(WT%)|K2O(WT%)|NA2O(WT%)|P2O5(WT%)|V(PPM)|CR(PPM)|NI(PPM)|RB(PPM)|SR(PPM)|Y(PPM)|ZR(PPM)|NB(PPM)|BA(PPM),1797,0.7680424256398433,0.725044168840537,0.6776959602764376,0.773336536446196
0.9,5.0,0.0,3,5,0.08,0.7,8,0,25462,8609,1339,449,19,10,SIO2(WT%)|TIO2(WT%)|AL2O3(WT%)|FE_TOTAL(WT%)|CAO(WT%)|MGO(WT%)|MNO(WT%)|K2O(WT%)|NA2O(WT%)|P2O5(WT%)|V(PPM)|CR(PPM)|NI(PPM)|RB(PPM)|SR(PPM)|Y(PPM)|ZR(PPM)|NB(PPM)|BA(PPM),759,0.850040655128354,0.749989481547312,0.7554612889537631,0.8497266525415219
0.9,5.0,0.0,3,5,0.08,0.7,8,1,25500,8571,1352,436,19,10,SIO2(WT%)|TIO2(WT%)|AL2O3(WT%)|FE_TOTAL(WT%)|CAO(WT%)|MGO(WT%)|MNO(WT%)|K2O(WT%)|NA2O(WT%)|P2O5(WT%)|V(PPM)|CR(PPM)|NI(PPM)|RB(PPM)|SR(PPM)|Y(PPM)|ZR(PPM)|NB(PPM)|BA(PPM),572,0.8230078170575196,0.6743788719826482,0.6596728267526641,0.8201234421882906
0.9,5.0,0.0,3,5,0.08,0.7,8,2,25854,8217,1333,455,19,10,SIO2(WT%)|TIO2(WT%)|AL2O3(WT%)|FE_TOTAL(WT%)|CAO(WT%)|MGO(WT%)|MNO(WT%)|K2O(WT%)|NA2O(WT%)|P2O5(WT%)|V(PPM)|CR(PPM)|NI(PPM)|RB(PPM)|SR(PPM)|Y(PPM)|ZR(PPM)|NB(PPM)|BA(PPM),610,0.8052817329925763,0.6769071900528438,0.6820877550312963,0.8047443988315816
0.9,5.0,0.0,3,5,0.08,0.7,8,3,25397,8674,1340,448,19,10,SIO2(WT%)|TIO2(WT%)|AL2O3(WT%)|FE_TOTAL(WT%)|CAO(WT%)|MGO(WT%)|MNO(WT%)|K2O(WT%)|NA2O(WT%)|P2O5(WT%)|V(PPM)|CR(PPM)|NI(PPM)|RB(PPM)|SR(PPM)|Y(PPM)|ZR(PPM)|NB(PPM)|BA(PPM),592,0.8094304818999308,0.7270874614839717,0.7214642342455622,0.8090873258555258
1.0,2.0,0.1,3,4,0.08,0.9,9,0,25462,8609,1339,449,19,10,SIO2(WT%)|TIO2(WT%)|AL2O3(WT%)|FE_TOTAL(WT%)|CAO(WT%)|MGO(WT%)|MNO(WT%)|K2O(WT%)|NA2O(WT%)|P2O5(WT%)|V(PPM)|CR(PPM)|NI(PPM)|RB(PPM)|SR(PPM)|Y(PPM)|ZR(PPM)|NB(PPM)|BA(PPM),975,0.8416773144383785,0.7514047992695909,0.7515065130880909,0.8418713280929141
1.0,2.0,0.1,3,4,0.08,0.9,9,1,25500,8571,1352,436,19,10,SIO2(WT%)|TIO2(WT%)|AL2O3(WT%)|FE_TOTAL(WT%)|CAO(WT%)|MGO(WT%)|MNO(WT%)|K2O(WT%)|NA2O(WT%)|P2O5(WT%)|V(PPM)|CR(PPM)|NI(PPM)|RB(PPM)|SR(PPM)|Y(PPM)|ZR(PPM)|NB(PPM)|BA(PPM),957,0.8186909345467274,0.6709850948427395,0.6575162335385302,0.8163092561638995
1.0,2.0,0.1,3,4,0.08,0.9,9,2,25854,8217,1333,455,19,10,SIO2(WT%)|TIO2(WT%)|AL2O3(WT%)|FE_TOTAL(WT%)|CAO(WT%)|MGO(WT%)|MNO(WT%)|K2O(WT%)|NA2O(WT%)|P2O5(WT%)|V(PPM)|CR(PPM)|NI(PPM)|RB(PPM)|SR(PPM)|Y(PPM)|ZR(PPM)|NB(PPM)|BA(PPM),854,0.7981014968966776,0.6665407871461413,0.6724944286059091,0.7978952143458374
1.0,2.0,0.1,3,4,0.08,0.9,9,3,25397,8674,1340,448,19,10,SIO2(WT%)|TIO2(WT%)|AL2O3(WT%)|FE_TOTAL(WT%)|CAO(WT%)|MGO(WT%)|MNO(WT%)|K2O(WT%)|NA2O(WT%)|P2O5(WT%)|V(PPM)|CR(PPM)|NI(PPM)|RB(PPM)|SR(PPM)|Y(PPM)|ZR(PPM)|NB(PPM)|BA(PPM),742,0.7943278764122665,0.7195174751327114,0.7045220102540796,0.7953510531611784
1.0,1.0,0.5,3,8,0.02,0.9,10,0,25462,8609,1339,449,19,10,SIO2(WT%)|TIO2(WT%)|AL2O3(WT%)|FE_TOTAL(WT%)|CAO(WT%)|MGO(WT%)|MNO(WT%)|K2O(WT%)|NA2O(WT%)|P2O5(WT%)|V(PPM)|CR(PPM)|NI(PPM)|RB(PPM)|SR(PPM)|Y(PPM)|ZR(PPM)|NB(PPM)|BA(PPM),1108,0.8448135671971193,0.731456436283449,0.7405423893670073,0.8440604415554926
1.0,1.0,0.5,3,8,0.02,0.9,10,1,25500,8571,1352,436,19,10,SIO2(WT%)|TIO2(WT%)|AL2O3(WT%)|FE_TOTAL(WT%)|CAO(WT%)|MGO(WT%)|MNO(WT%)|K2O(WT%)|NA2O(WT%)|P2O5(WT%)|V(PPM)|CR(PPM)|NI(PPM)|RB(PPM)|SR(PPM)|Y(PPM)|ZR(PPM)|NB(PPM)|BA(PPM),866,0.8310582195776456,0.6724811856660866,0.6682345007286106,0.8268086235892421
1.0,1.0,0.5,3,8,0.02,0.9,10,2,25854,8217,1333,455,19,10,SIO2(WT%)|TIO2(WT%)|AL2O3(WT%)|FE_TOTAL(WT%)|CAO(WT%)|MGO(WT%)|MNO(WT%)|K2O(WT%)|NA2O(WT%)|P2O5(WT%)|V(PPM)|CR(PPM)|NI(PPM)|RB(PPM)|SR(PPM)|Y(PPM)|ZR(PPM)|NB(PPM)|BA(PPM),822,0.80065717415115,0.65332792638203,0.6696217528228731,0.7989748759797213
1.0,1.0,0.5,3,8,0.02,0.9,10,3,25397,8674,1340,448,19,10,SIO2(WT%)|TIO2(WT%)|AL2O3(WT%)|FE_TOTAL(WT%)|CAO(WT%)|MGO(WT%)|MNO(WT%)|K2O(WT%)|NA2O(WT%)|P2O5(WT%)|V(PPM)|CR(PPM)|NI(PPM)|RB(PPM)|SR(PPM)|Y(PPM)|ZR(PPM)|NB(PPM)|BA(PPM),753,0.8066635923449389,0.7277376924362231,0.7254377752626343,0.8049830888509559
1.0,2.0,0.1,5,5,0.02,1.0,11,0,25462,8609,1339,449,19,10,SIO2(WT%)|TIO2(WT%)|AL2O3(WT%)|FE_TOTAL(WT%)|CAO(WT%)|MGO(WT%)|MNO(WT%)|K2O(WT%)|NA2O(WT%)|P2O5(WT%)|V(PPM)|CR(PPM)|NI(PPM)|RB(PPM)|SR(PPM)|Y(PPM)|ZR(PPM)|NB(PPM)|BA(PPM),1793,0.8420257869671274,0.750725609332711,0.7457052942458553,0.8429890035959107
1.0,2.0,0.1,5,5,0.02,1.0,11,1,25500,8571,1352,436,19,10,SIO2(WT%)|TIO2(WT%)|AL2O3(WT%)|FE_TOTAL(WT%)|CAO(WT%)|MGO(WT%)|MNO(WT%)|K2O(WT%)|NA2O(WT%)|P2O5(WT%)|V(PPM)|CR(PPM)|NI(PPM)|RB(PPM)|SR(PPM)|Y(PPM)|ZR(PPM)|NB(PPM)|BA(PPM),1779,0.8160074670400187,0.6706254623603622,0.6520571856073971,0.8144620126016071
1.0,2.0,0.1,5,5,0.02,1.0,11,2,25854,8217,1333,455,19,10,SIO2(WT%)|TIO2(WT%)|AL2O3(WT%)|FE_TOTAL(WT%)|CAO(WT%)|MGO(WT%)|MNO(WT%)|K2O(WT%)|NA2O(WT%)|P2O5(WT%)|V(PPM)|CR(PPM)|NI(PPM)|RB(PPM)|SR(PPM)|Y(PPM)|ZR(PPM)|NB(PPM)|BA(PPM),1799,0.7940854326396495,0.6744804827338442,0.6715442952451669,0.7948006528123965
1.0,2.0,0.1,5,5,0.02,1.0,11,3,25397,8674,1340,448,19,10,SIO2(WT%)|TIO2(WT%)|AL2O3(WT%)|FE_TOTAL(WT%)|CAO(WT%)|MGO(WT%)|MNO(WT%)|K2O(WT%)|NA2O(WT%)|P2O5(WT%)|V(PPM)|CR(PPM)|NI(PPM)|RB(PPM)|SR(PPM)|Y(PPM)|ZR(PPM)|NB(PPM)|BA(PPM),1794,0.801129813234955,0.7268475271641568,0.7184251556799712,0.801491040777247
0.9,1.0,0.0,5,5,0.05,0.8,12,0,25462,8609,1339,449,19,10,SIO2(WT%)|TIO2(WT%)|AL2O3(WT%)|FE_TOTAL(WT%)|CAO(WT%)|MGO(WT%)|MNO(WT%)|K2O(WT%)|NA2O(WT%)|P2O5(WT%)|V(PPM)|CR(PPM)|NI(PPM)|RB(PPM)|SR(PPM)|Y(PPM)|ZR(PPM)|NB(PPM)|BA(PPM),1187,0.85027297014752,0.745791705384274,0.7524745112080798,0.8499086190423443
0.9,1.0,0.0,5,5,0.05,0.8,12,1,25500,8571,1352,436,19,10,SIO2(WT%)|TIO2(WT%)|AL2O3(WT%)|FE_TOTAL(WT%)|CAO(WT%)|MGO(WT%)|MNO(WT%)|K2O(WT%)|NA2O(WT%)|P2O5(WT%)|V(PPM)|CR(PPM)|NI(PPM)|RB(PPM)|SR(PPM)|Y(PPM)|ZR(PPM)|NB(PPM)|BA(PPM),941,0.8251079220627698,0.6719597995654033,0.6582462205494148,0.8211248915775167
0.9,1.0,0.0,5,5,0.05,0.8,12,2,25854,8217,1333,455,19,10,SIO2(WT%)|TIO2(WT%)|AL2O3(WT%)|FE_TOTAL(WT%)|CAO(WT%)|MGO(WT%)|MNO(WT%)|K2O(WT%)|NA2O(WT%)|P2O5(WT%)|V(PPM)|CR(PPM)|NI(PPM)|RB(PPM)|SR(PPM)|Y(PPM)|ZR(PPM)|NB(PPM)|BA(PPM),837,0.8026043568212243,0.6710362040112263,0.6773092412865008,0.8020734811781501
0.9,1.0,0.0,5,5,0.05,0.8,12,3,25397,8674,1340,448,19,10,SIO2(WT%)|TIO2(WT%)|AL2O3(WT%)|FE_TOTAL(WT%)|CAO(WT%)|MGO(WT%)|MNO(WT%)|K2O(WT%)|NA2O(WT%)|P2O5(WT%)|V(PPM)|CR(PPM)|NI(PPM)|RB(PPM)|SR(PPM)|Y(PPM)|ZR(PPM)|NB(PPM)|BA(PPM),775,0.8086234724463915,0.7332553064684553,0.7253574686114982,0.8085186538443833
