class,feature,bin,x_median,x_min,x_max,shap_median,shap_mean,shap_q25,shap_q75,n
CAB,TIO2(WT%),1,0.72,0.18,0.841,0.3301452696323395,0.3378939926624298,0.2497236728668213,0.4128366708755493,672
CAB,TIO2(WT%),2,0.96,0.847,1.05,0.49140220880508423,0.5026295781135559,0.33400437235832214,0.6503796577453613,681
CAB,TIO2(WT%),3,1.13,1.05253148949041,1.2,0.4339005947113037,0.47188982367515564,0.3357229232788086,0.5727669596672058,700
CAB,TIO2(WT%),4,1.274,1.201,1.35,0.24301528930664062,0.25492075085639954,0.15567730367183685,0.33911383152008057,661
CAB,TIO2(WT%),5,1.422,1.35107884654164,1.509,-0.01926732063293457,-0.010012595914304256,-0.13878343999385834,0.10022523254156113,645
CAB,TIO2(WT%),6,1.61,1.51,1.68,-0.4498494267463684,-0.5012795329093933,-0.7217214703559875,-0.29241943359375,673
CAB,TIO2(WT%),7,1.76,1.683,1.88,-0.8898522853851318,-0.8970628976821899,-1.0224591493606567,-0.7781966328620911,677
CAB,TIO2(WT%),8,1.98,1.88046538094356,2.08,-1.0451831817626953,-1.0712460279464722,-1.2312886714935303,-0.8959133625030518,684
CAB,TIO2(WT%),9,2.169,2.081,2.257,-1.1954920291900635,-1.2019574642181396,-1.3618128299713135,-1.0229636430740356,654
CAB,TIO2(WT%),10,2.36,2.2591119266197,2.461,-1.2155086994171143,-1.3016000986099243,-1.4807602167129517,-1.037034511566162,672
CAB,TIO2(WT%),11,2.57,2.46116,2.67,-1.8914011716842651,-1.9127085208892822,-2.2354085445404053,-1.567808985710144,675
CAB,TIO2(WT%),12,2.8,2.674,2.96,-2.0988330841064453,-2.09306001663208,-2.3894686698913574,-1.8001608848571777,680
CAB,TIO2(WT%),13,3.1,2.963,3.21,-2.479567050933838,-2.497979164123535,-2.720182418823242,-2.2713143825531006,672
CAB,TIO2(WT%),14,3.35,3.211,3.563,-2.565955638885498,-2.553820848464966,-2.8132593631744385,-2.338684320449829,660
CAB,TIO2(WT%),15,3.88,3.568,6.67,-2.689495325088501,-2.676651954650879,-2.9885478019714355,-2.4590868949890137,672
CAB,SR(PPM),1,93.0,0.524,108.0,-1.5801382064819336,-1.625749945640564,-1.8067458868026733,-1.4142283201217651,552
CAB,SR(PPM),2,124.0,108.041932173652,138.0,-1.7097314596176147,-1.727447509765625,-1.904756784439087,-1.5233792066574097,553
CAB,SR(PPM),3,150.0,138.047748261904,163.4,-1.7288655042648315,-1.730165958404541,-1.9066005945205688,-1.5073044300079346,544
CAB,SR(PPM),4,175.0,163.5,185.0,-1.7565473318099976,-1.759734034538269,-1.9725993871688843,-1.5449529886245728,567
CAB,SR(PPM),5,196.0,185.13351,206.6,-1.68389093875885,-1.7116276025772095,-1.9408252239227295,-1.4372496604919434,532
CAB,SR(PPM),6,221.0,206.72,235.0,-1.4835985898971558,-1.5124006271362305,-1.777746319770813,-1.2395472526550293,559
CAB,SR(PPM),7,247.0,235.255,260.0,-1.1800698041915894,-1.213395595550537,-1.417891263961792,-0.961554765701294,541
CAB,SR(PPM),8,274.1,260.172296,289.0,-1.142690658569336,-1.1904425621032715,-1.355729579925537,-0.9994154572486877,562
CAB,SR(PPM),9,304.0,290.0,313.0,-1.0639011859893799,-1.1071414947509766,-1.2797644138336182,-0.9325491189956665,536
CAB,SR(PPM),10,324.0,313.046309395204,337.56,-0.6442466974258423,-0.6404731273651123,-0.7953943610191345,-0.515877902507782,549
CAB,SR(PPM),11,356.0,337.638,379.0,-0.14380201697349548,-0.11309809237718582,-0.23901785910129547,-0.03454151004552841,551
CAB,SR(PPM),12,403.0,379.9,436.0,0.07084923982620239,0.13863009214401245,-0.04084461182355881,0.21929989755153656,554
CAB,SR(PPM),13,479.0,436.34,522.0,0.16788747906684875,0.24371805787086487,0.08855195343494415,0.31448155641555786,544
CAB,SR(PPM),14,589.711980702667,522.03,674.0,0.5413719415664673,0.6294074654579163,0.4008689224720001,0.8023127913475037,549
CAB,SR(PPM),15,827.95,675.0,6404.0,0.790275514125824,0.8609878420829773,0.6745399236679077,0.9685491919517517,550
IAB,CAO(WT%),1,6.35,0.3,7.0,0.5647632479667664,0.6419709920883179,0.34987232089042664,0.8328875303268433,673
IAB,CAO(WT%),2,7.62,7.01,8.09,0.6021732091903687,0.6291249990463257,0.42028993368148804,0.8158581852912903,670
IAB,CAO(WT%),3,8.38,8.096,8.58,0.44668692350387573,0.4988390803337097,0.2874774932861328,0.6782950162887573,675
IAB,CAO(WT%),4,8.8,8.59,9.01,0.4951152801513672,0.5410874485969543,0.3273426294326782,0.7221682667732239,683
IAB,CAO(WT%),5,9.21,9.02,9.4,0.24298839271068573,0.2690209150314331,0.07494394481182098,0.4229356050491333,661
IAB,CAO(WT%),6,9.58,9.4023,9.74,0.08721130341291428,0.1045117974281311,-0.07464153319597244,0.25134575366973877,682
IAB,CAO(WT%),7,9.89,9.74075544291428,10.02,-0.23596930503845215,-0.21055155992507935,-0.3891400694847107,-0.07510923594236374,658
IAB,CAO(WT%),8,10.16538546119695,10.0241304023237,10.3,-0.42716139554977417,-0.40355217456817627,-0.5570909380912781,-0.2825535535812378,696
IAB,CAO(WT%),9,10.43,10.302777,10.55,-0.78984135389328,-0.750573992729187,-0.936699628829956,-0.6321502923965454,665
IAB,CAO(WT%),10,10.67,10.5515357971782,10.79,-0.8404161930084229,-0.8027443289756775,-0.9721158146858215,-0.6870583891868591,669
IAB,CAO(WT%),11,10.9,10.7953271218577,11.03,-0.8897324800491333,-0.8489507436752319,-1.0272529125213623,-0.7295671105384827,656
IAB,CAO(WT%),12,11.17,11.04,11.3,-1.0951194763183594,-1.0559004545211792,-1.2584567070007324,-0.8659039735794067,671
IAB,CAO(WT%),13,11.5,11.30448,11.67,-1.4802782535552979,-1.4263845682144165,-1.6521587371826172,-1.2517971992492676,678
IAB,CAO(WT%),14,11.91,11.6759327621143,12.19639,-1.8636741638183594,-1.9155516624450684,-2.287538766860962,-1.5399482250213623,664
IAB,CAO(WT%),15,12.7375,12.198466304403,19.05,-2.435429573059082,-2.322984218597412,-2.7437336444854736,-1.8914637565612793,672
IAB,TIO2(WT%),1,0.72,0.18,0.841,0.4938676357269287,0.49158623814582825,0.2656715214252472,0.6997339725494385,672
IAB,TIO2(WT%),2,0.96,0.847,1.05,0.1007479876279831,0.13749350607395172,0.02028411254286766,0.218845933675766,681
IAB,TIO2(WT%),3,1.13,1.05253148949041,1.2,-0.049360647797584534,-0.04329729825258255,-0.10740376263856888,0.007054036483168602,700
IAB,TIO2(WT%),4,1.274,1.201,1.35,-0.15256695449352264,-0.15443167090415955,-0.23631928861141205,-0.07860308885574341,661
IAB,TIO2(WT%),5,1.422,1.35107884654164,1.509,-0.3018595278263092,-0.2994105815887451,-0.3673434555530548,-0.22344030439853668,645
IAB,TIO2(WT%),6,1.61,1.51,1.68,-0.3296206593513489,-0.3265760838985443,-0.39161592721939087,-0.23816189169883728,673
IAB,TIO2(WT%),7,1.76,1.683,1.88,-0.3165458142757416,-0.3190816640853882,-0.3874177932739258,-0.25100475549697876,677
IAB,TIO2(WT%),8,1.98,1.88046538094356,2.08,-0.34135061502456665,-0.3402782678604126,-0.44438761472702026,-0.2398015856742859,684
IAB,TIO2(WT%),9,2.169,2.081,2.257,-0.38667917251586914,-0.4205588698387146,-0.5832328200340271,-0.23359978199005127,654
IAB,TIO2(WT%),10,2.36,2.2591119266197,2.461,-0.6117792725563049,-0.6036446690559387,-0.7217044234275818,-0.43551576137542725,672
IAB,TIO2(WT%),11,2.57,2.46116,2.67,-0.5250554084777832,-0.5028790235519409,-0.6432467699050903,-0.32999712228775024,675
IAB,TIO2(WT%),12,2.8,2.674,2.96,-0.6100400686264038,-0.6050270795822144,-0.7867564558982849,-0.39553117752075195,680
IAB,TIO2(WT%),13,3.1,2.963,3.21,-0.7917746305465698,-0.7649737596511841,-0.9776841402053833,-0.5170395970344543,672
IAB,TIO2(WT%),14,3.35,3.211,3.563,-1.2288532257080078,-1.164241075515747,-1.34267258644104,-1.0123339891433716,660
IAB,TIO2(WT%),15,3.88,3.568,6.67,-1.252913236618042,-1.231423020362854,-1.4002023935317993,-1.05008065700531,672
IOAB,TIO2(WT%),1,0.72,0.18,0.841,0.9514281749725342,0.9920203685760498,0.7956269383430481,1.1210646629333496,672
IOAB,TIO2(WT%),2,0.96,0.847,1.05,-0.6549698114395142,-0.42398500442504883,-0.9757108092308044,0.2352762073278427,681
IOAB,TIO2(WT%),3,1.13,1.05253148949041,1.2,-2.0248026847839355,-1.9783326387405396,-2.228698253631592,-1.8159993886947632,700
IOAB,TIO2(WT%),4,1.274,1.201,1.35,-2.1736481189727783,-2.1786317825317383,-2.3773646354675293,-1.9866306781768799,661
IOAB,TIO2(WT%),5,1.422,1.35107884654164,1.509,-2.376650094985962,-2.3928985595703125,-2.579237222671509,-2.1632637977600098,645
IOAB,TIO2(WT%),6,1.61,1.51,1.68,-2.8942480087280273,-3.025827169418335,-3.2860021591186523,-2.7172815799713135,673
IOAB,TIO2(WT%),7,1.76,1.683,1.88,-2.8549466133117676,-2.950448751449585,-3.118290662765503,-2.673130512237549,677
IOAB,TIO2(WT%),8,1.98,1.88046538094356,2.08,-2.8690385818481445,-2.94592022895813,-3.099604845046997,-2.7027227878570557,684
IOAB,TIO2(WT%),9,2.169,2.081,2.257,-2.888383150100708,-2.9723317623138428,-3.1700680255889893,-2.7197771072387695,654
IOAB,TIO2(WT%),10,2.36,2.2591119266197,2.461,-2.9102225303649902,-3.042665481567383,-3.3775346279144287,-2.754514217376709,672
IOAB,TIO2(WT%),11,2.57,2.46116,2.67,-2.8761143684387207,-2.9819986820220947,-3.1624772548675537,-2.6961586475372314,675
IOAB,TIO2(WT%),12,2.8,2.674,2.96,-2.8888654708862305,-3.0070152282714844,-3.291810989379883,-2.711865186691284,680
IOAB,TIO2(WT%),13,3.1,2.963,3.21,-2.8308253288269043,-2.9308559894561768,-3.0477864742279053,-2.668651580810547,672
IOAB,TIO2(WT%),14,3.35,3.211,3.563,-2.8496837615966797,-2.9620914459228516,-3.0667660236358643,-2.6933345794677734,660
IOAB,TIO2(WT%),15,3.88,3.568,6.67,-2.8409547805786133,-3.048224925994873,-3.5120017528533936,-2.6550965309143066,672
IOAB,NB(PPM),1,1.173,0.0,2.0,0.3348414897918701,0.18742288649082184,-0.3318747878074646,0.5884936451911926,531
IOAB,NB(PPM),2,2.79,2.002,3.36,-2.2898173332214355,-2.3297104835510254,-2.6585865020751953,-1.9117910861968994,465
IOAB,NB(PPM),3,4.229132683614945,3.38,5.0,-2.7282838821411133,-2.821150779724121,-3.090559482574463,-2.4858195781707764,538
IOAB,NB(PPM),4,5.8,5.01537611932569,6.6,-2.741579055786133,-2.835631847381592,-3.1222591400146484,-2.5243687629699707,464
IOAB,NB(PPM),5,7.4,6.61,8.0,-2.7929623126983643,-2.817859172821045,-3.066830635070801,-2.5491106510162354,509
IOAB,NB(PPM),6,8.9916435,8.012,9.5,-2.797269821166992,-2.8258893489837646,-3.0537664890289307,-2.590898036956787,480
IOAB,NB(PPM),7,10.2,9.51,11.0,-2.742493152618408,-2.7685482501983643,-2.9942080974578857,-2.5414328575134277,505
IOAB,NB(PPM),8,12.0,11.01,13.0,-2.740217685699463,-2.748342275619507,-2.9494237899780273,-2.5487215518951416,552
IOAB,NB(PPM),9,14.0,13.01,15.0,-2.6967520713806152,-2.6739342212677,-2.87886381149292,-2.4945571422576904,476
IOAB,NB(PPM),10,16.2,15.05,17.1193149541295,-2.7722320556640625,-2.710611581802368,-2.870020627975464,-2.5623207092285156,448
IOAB,NB(PPM),11,18.9,17.1301434464806,20.8,-2.7034454345703125,-2.659681558609009,-2.848872184753418,-2.506542444229126,497
IOAB,NB(PPM),12,22.8,20.81,24.21,-2.635361671447754,-2.6329758167266846,-2.818143367767334,-2.4532768726348877,496
IOAB,NB(PPM),13,27.0,24.24,30.0,-2.519773006439209,-2.5121634006500244,-2.792314052581787,-2.244776725769043,523
IOAB,NB(PPM),14,36.0,30.016417044272306,45.0,-2.2290828227996826,-2.2706706523895264,-2.507699728012085,-1.988229513168335,475
IOAB,NB(PPM),15,59.8,45.1,1060.5,-2.131720781326294,-2.1501221656799316,-2.3268675804138184,-1.9755616188049316,493
BABB,SIO2(WT%),1,44.03,40.1,45.2346105560129,-1.4384123086929321,-1.522707223892212,-1.6916160583496094,-1.2917450666427612,673
BABB,SIO2(WT%),2,46.03,45.24,46.7,-1.543391227722168,-1.63614022731781,-1.9395811557769775,-1.3233287334442139,675
BABB,SIO2(WT%),3,47.17,46.71,47.59,-1.7639724016189575,-1.7672877311706543,-2.0971615314483643,-1.4189702272415161,673
BABB,SIO2(WT%),4,47.95,47.6,48.29,-1.5379902124404907,-1.5739620923995972,-1.8912789821624756,-1.261244773864746,672
BABB,SIO2(WT%),5,48.57,48.2943610979475,48.815,-0.9697107672691345,-1.0090153217315674,-1.2346374988555908,-0.7744288444519043,669
BABB,SIO2(WT%),6,49.05,48.82,49.27,-0.7755157947540283,-0.8216357827186584,-0.9591524600982666,-0.6457298398017883,674
BABB,SIO2(WT%),7,49.5,49.27954,49.7,-0.532336950302124,-0.5534003973007202,-0.6500760316848755,-0.45055899024009705,694
BABB,SIO2(WT%),8,49.92,49.7098124593075,50.1,-0.3218795657157898,-0.3088088631629944,-0.44235560297966003,-0.18534111976623535,654
BABB,SIO2(WT%),9,50.29,50.101,50.48,-0.1400141716003418,-0.10774130374193192,-0.20295438170433044,-0.0117179611697793,669
BABB,SIO2(WT%),10,50.72,50.485,50.96,0.03704726696014404,0.061744436621665955,-0.07888932526111603,0.1659819334745407,680
BABB,SIO2(WT%),11,51.206,50.9605265134862,51.44,0.13694725930690765,0.1854650229215622,0.05276353657245636,0.2697794437408447,667
BABB,SIO2(WT%),12,51.7,51.441368336914,51.95,0.17006874084472656,0.21276184916496277,0.09240955859422684,0.28854572772979736,678
BABB,SIO2(WT%),13,52.25,51.9514664370828,52.67,0.37616029381752014,0.41771647334098816,0.2691314220428467,0.543962836265564,664
BABB,SIO2(WT%),14,53.27,52.68,53.98,0.8074603080749512,0.8322171568870544,0.6768407821655273,0.9593324661254883,673
BABB,SIO2(WT%),15,54.87,53.9855403117046,60.0,0.9301773309707642,0.9528167247772217,0.8533645272254944,1.043235421180725,671
BABB,NB(PPM),1,1.173,0.0,2.0,0.36596885323524475,0.6788455247879028,-0.0005772039294242859,1.4020588397979736,531
BABB,NB(PPM),2,2.79,2.002,3.36,-0.39590486884117126,-0.41954517364501953,-0.5309879779815674,-0.2904593348503113,465
BABB,NB(PPM),3,4.229132683614945,3.38,5.0,-0.5419387817382812,-0.558470606803894,-0.6698486804962158,-0.4348351061344147,538
BABB,NB(PPM),4,5.8,5.01537611932569,6.6,-0.7605999708175659,-0.7957214117050171,-0.9430146813392639,-0.6307123303413391,464
BABB,NB(PPM),5,7.4,6.61,8.0,-0.8909624218940735,-0.9388649463653564,-1.068138837814331,-0.797207772731781,509
BABB,NB(PPM),6,8.9916435,8.012,9.5,-0.935957133769989,-0.9768626093864441,-1.106371283531189,-0.8380407691001892,480
BABB,NB(PPM),7,10.2,9.51,11.0,-0.8997768759727478,-0.9363939762115479,-1.027518630027771,-0.8398085236549377,505
BABB,NB(PPM),8,12.0,11.01,13.0,-0.8835779428482056,-0.9071776270866394,-0.9730250239372253,-0.829831063747406,552
BABB,NB(PPM),9,14.0,13.01,15.0,-0.8052046298980713,-0.820110559463501,-0.8723666667938232,-0.7535479068756104,476
BABB,NB(PPM),10,16.2,15.05,17.1193149541295,-0.7495032548904419,-0.7636153101921082,-0.8109604120254517,-0.6977311372756958,448
BABB,NB(PPM),11,18.9,17.1301434464806,20.8,-0.7073570489883423,-0.700753390789032,-0.7727205157279968,-0.6526222229003906,497
BABB,NB(PPM),12,22.8,20.81,24.21,-0.486227810382843,-0.49102574586868286,-0.5301103591918945,-0.4424336850643158,496
BABB,NB(PPM),13,27.0,24.24,30.0,-0.4432167708873749,-0.4424944818019867,-0.47637689113616943,-0.3955119848251343,523
BABB,NB(PPM),14,36.0,30.016417044272306,45.0,-0.40535542368888855,-0.4098116457462311,-0.4523482322692871,-0.3628491759300232,475
BABB,NB(PPM),15,59.8,45.1,1060.5,-0.36911827325820923,-0.3804505467414856,-0.41883525252342224,-0.3374479413032532,493
MORB,SR(PPM),1,93.0,0.524,108.0,0.9613837003707886,0.9583057761192322,0.7721623182296753,1.149418592453003,552
MORB,SR(PPM),2,124.0,108.041932173652,138.0,0.7287653684616089,0.7527567148208618,0.5583935976028442,0.9494181871414185,553
MORB,SR(PPM),3,150.0,138.047748261904,163.4,0.3897026777267456,0.42063581943511963,0.15911009907722473,0.6501067280769348,544
MORB,SR(PPM),4,175.0,163.5,185.0,-0.08614377677440643,-0.09889842569828033,-0.19848951697349548,-0.0005673001287505031,567
MORB,SR(PPM),5,196.0,185.13351,206.6,-0.3358466923236847,-0.33796611428260803,-0.4681844711303711,-0.1980777233839035,532
MORB,SR(PPM),6,221.0,206.72,235.0,-0.5162890553474426,-0.5258161425590515,-0.6766142249107361,-0.3620912432670593,559
MORB,SR(PPM),7,247.0,235.255,260.0,-0.7763898372650146,-0.7834102511405945,-0.9497649073600769,-0.6258100271224976,541
MORB,SR(PPM),8,274.1,260.172296,289.0,-0.8945621252059937,-0.9087275862693787,-1.1512761116027832,-0.6378313302993774,562
MORB,SR(PPM),9,304.0,290.0,313.0,-0.8146423101425171,-0.9385682940483093,-1.1876516342163086,-0.7350882887840271,536
MORB,SR(PPM),10,324.0,313.046309395204,337.56,-0.8231473565101624,-0.9090402722358704,-1.1157174110412598,-0.7451559901237488,549
MORB,SR(PPM),11,356.0,337.638,379.0,-0.8831521272659302,-0.8947758078575134,-1.0751044750213623,-0.706986665725708,551
MORB,SR(PPM),12,403.0,379.9,436.0,-0.9338129162788391,-0.9464159607887268,-1.1443109512329102,-0.7554223537445068,554
MORB,SR(PPM),13,479.0,436.34,522.0,-0.8385552167892456,-0.8577045798301697,-0.9847744703292847,-0.7088603973388672,544
MORB,SR(PPM),14,589.711980702667,522.03,674.0,-0.919877827167511,-0.9608476758003235,-1.06618070602417,-0.8238478899002075,549
MORB,SR(PPM),15,827.95,675.0,6404.0,-1.346994400024414,-1.2744410037994385,-1.5199940204620361,-0.9985612630844116,550
MORB,Y(PPM),1,16.0,4.0,18.25,-1.3001214265823364,-1.2702202796936035,-1.4416353702545166,-1.097421646118164,527
MORB,Y(PPM),2,19.7,18.2905366817589,20.7134756968179,-1.1805400848388672,-1.1792328357696533,-1.3536841869354248,-1.0240029096603394,524
MORB,Y(PPM),3,21.7,20.74085,22.41107398926655,-0.9190711379051208,-0.9325572848320007,-1.101728916168213,-0.7338065505027771,526
MORB,Y(PPM),4,23.3,22.44,24.0,-0.758293867111206,-0.7611958384513855,-0.8963910341262817,-0.6249903440475464,732
MORB,Y(PPM),5,24.950000000000003,24.0173791835469,25.0,-0.33373749256134033,-0.34322720766067505,-0.4148743152618408,-0.2536407709121704,395
MORB,Y(PPM),6,26.0,25.00388919774095,26.43,-0.2218492031097412,-0.21587440371513367,-0.28072065114974976,-0.1538495272397995,449
MORB,Y(PPM),7,27.1,26.434,28.0,-0.1534213423728943,-0.14108122885227203,-0.21692657470703125,-0.07310947775840759,632
MORB,Y(PPM),8,29.0,28.000591559167,29.700000000000003,-0.07043059915304184,-0.05955018848180771,-0.13179461658000946,-0.01160123385488987,418
MORB,Y(PPM),9,30.384999999999998,29.74403918116915,31.0,0.052357107400894165,0.06193874403834343,-0.009451383724808693,0.108210988342762,576
MORB,Y(PPM),10,32.2,31.01,33.0,0.2024431675672531,0.215956911444664,0.15143999457359314,0.26401612162590027,567
MORB,Y(PPM),11,34.0,33.0049747660144,35.0,0.2888360619544983,0.3167485296726227,0.2329021692276001,0.3650948703289032,456
MORB,Y(PPM),12,36.8278956943602,35.05,38.0,0.3719111680984497,0.4182315468788147,0.302182674407959,0.486815482378006,573
MORB,Y(PPM),13,40.0,38.00665416339845,42.0,0.46650969982147217,0.517989993095398,0.3954820930957794,0.5597265362739563,528
MORB,Y(PPM),14,44.38545,42.0926712629227,47.0,0.6615879535675049,0.7005072236061096,0.5743933916091919,0.7411718964576721,462
MORB,Y(PPM),15,53.0,47.1,316.83,0.6979847550392151,0.7216888666152954,0.6474120616912842,0.7442201375961304,516
OIB,TIO2(WT%),1,0.72,0.18,0.841,-2.211564540863037,-2.129519462585449,-2.457507371902466,-1.8995130062103271,672
OIB,TIO2(WT%),2,0.96,0.847,1.05,-1.9605698585510254,-1.9152779579162598,-2.2292308807373047,-1.619808316230774,681
OIB,TIO2(WT%),3,1.13,1.05253148949041,1.2,-1.7102556228637695,-1.714916467666626,-2.0243377685546875,-1.4370648860931396,700
OIB,TIO2(WT%),4,1.274,1.201,1.35,-1.3401426076889038,-1.3546427488327026,-1.6202174425125122,-1.0840630531311035,661
OIB,TIO2(WT%),5,1.422,1.35107884654164,1.509,-1.010538935661316,-1.025984764099121,-1.2435550689697266,-0.8128908276557922,645
OIB,TIO2(WT%),6,1.61,1.51,1.68,-0.657670795917511,-0.634717583656311,-0.8404813408851624,-0.45752009749412537,673
OIB,TIO2(WT%),7,1.76,1.683,1.88,-0.26748812198638916,-0.22354182600975037,-0.4493098556995392,-0.05215853452682495,677
OIB,TIO2(WT%),8,1.98,1.88046538094356,2.08,0.15196603536605835,0.19138476252555847,-0.03837689012289047,0.3728008568286896,684
OIB,TIO2(WT%),9,2.169,2.081,2.257,0.476277232170105,0.5614330768585205,0.289860337972641,0.81271892786026,654
OIB,TIO2(WT%),10,2.36,2.2591119266197,2.461,0.8248559236526489,0.903784453868866,0.5694723725318909,1.2501866817474365,672
OIB,TIO2(WT%),11,2.57,2.46116,2.67,0.9890846014022827,1.0141674280166626,0.6597557067871094,1.3237671852111816,675
OIB,TIO2(WT%),12,2.8,2.674,2.96,1.3451569080352783,1.3543477058410645,1.0811634063720703,1.6525229215621948,680
OIB,TIO2(WT%),13,3.1,2.963,3.21,1.4248862266540527,1.4397906064987183,1.0986065864562988,1.765056848526001,672
OIB,TIO2(WT%),14,3.35,3.211,3.563,1.7016246318817139,1.6983015537261963,1.41591215133667,2.0001375675201416,660
OIB,TIO2(WT%),15,3.88,3.568,6.67,1.761161208152771,1.753750205039978,1.493924617767334,2.0323963165283203,672
OIB,CAO(WT%),1,6.35,0.3,7.0,-0.5402160882949829,-0.5039188861846924,-0.6413186192512512,-0.3952116370201111,673
OIB,CAO(WT%),2,7.62,7.01,8.09,-0.5321311354637146,-0.5319000482559204,-0.6483330726623535,-0.4125455617904663,670
OIB,CAO(WT%),3,8.38,8.096,8.58,-0.5138701796531677,-0.5140053629875183,-0.5882383584976196,-0.43871983885765076,675
OIB,CAO(WT%),4,8.8,8.59,9.01,-0.456681489944458,-0.46308258175849915,-0.5321942567825317,-0.389739453792572,683
OIB,CAO(WT%),5,9.21,9.02,9.4,-0.3571119010448456,-0.3565254509449005,-0.4375019967556,-0.28446927666664124,661
OIB,CAO(WT%),6,9.58,9.4023,9.74,-0.24503794312477112,-0.23170070350170135,-0.31317198276519775,-0.14104431867599487,682
OIB,CAO(WT%),7,9.89,9.74075544291428,10.02,-0.14949575066566467,-0.14344222843647003,-0.2357379049062729,-0.042863912880420685,658
OIB,CAO(WT%),8,10.16538546119695,10.0241304023237,10.3,-0.004767572972923517,-0.025627821683883667,-0.16184446215629578,0.09718722850084305,696
OIB,CAO(WT%),9,10.43,10.302777,10.55,0.03668642044067383,0.010333072394132614,-0.14634782075881958,0.14275933802127838,665
OIB,CAO(WT%),10,10.67,10.5515357971782,10.79,0.06062392517924309,0.03802342712879181,-0.120143823325634,0.17689654231071472,669
OIB,CAO(WT%),11,10.9,10.7953271218577,11.03,0.11252397298812866,0.08510202914476395,-0.07807322591543198,0.2313404381275177,656
OIB,CAO(WT%),12,11.17,11.04,11.3,0.20035219192504883,0.21187354624271393,0.03972932696342468,0.3760521709918976,671
OIB,CAO(WT%),13,11.5,11.30448,11.67,0.21714796125888824,0.24160487949848175,0.057573869824409485,0.4124143719673157,678
OIB,CAO(WT%),14,11.91,11.6759327621143,12.19639,0.30754923820495605,0.3244019150733948,0.16494359076023102,0.46899786591529846,664
OIB,CAO(WT%),15,12.7375,12.198466304403,19.05,0.7812044620513916,0.8325778245925903,0.6102250218391418,1.0149402618408203,672
OPB,P2O5(WT%),1,0.07,0.0,0.08701,0.42949602007865906,0.45199742913246155,0.3103671371936798,0.5636733770370483,662
OPB,P2O5(WT%),2,0.1,0.0872,0.11,0.437950074672699,0.4545647203922272,0.32918214797973633,0.5653493404388428,708
OPB,P2O5(WT%),3,0.13,0.110006796127411,0.14,0.36544814705848694,0.39192700386047363,0.2668716013431549,0.4942895770072937,801
OPB,P2O5(WT%),4,0.15,0.14001400140014,0.16,0.007162825204432011,0.006841401103883982,-0.05539298430085182,0.0639839619398117,670
OPB,P2O5(WT%),5,0.17,0.160304578699529,0.18,0.004161400720477104,0.008052773773670197,-0.06741680949926376,0.08622382581233978,550
OPB,P2O5(WT%),6,0.2,0.180831826401447,0.209,-0.13177897036075592,-0.12716856598854065,-0.2611873745918274,0.024272970855236053,582
OPB,P2O5(WT%),7,0.22,0.21,0.231822493975331,-0.48434117436408997,-0.4807606637477875,-0.6367051601409912,-0.3129716217517853,661
OPB,P2O5(WT%),8,0.25,0.232,0.263,-0.5808919072151184,-0.5810943841934204,-0.728596568107605,-0.4457175135612488,671
OPB,P2O5(WT%),9,0.28,0.26358974403794,0.3,-0.6527494788169861,-0.6527093648910522,-0.7692245244979858,-0.5064831972122192,739
OPB,P2O5(WT%),10,0.32,0.30002,0.34,-0.7114248275756836,-0.7230017185211182,-0.8217997550964355,-0.5983952879905701,602
OPB,P2O5(WT%),11,0.37,0.34088,0.4,-0.8219515085220337,-0.8448801636695862,-1.0197662115097046,-0.6586581468582153,720
OPB,P2O5(WT%),12,0.4382237596490945,0.400849955372859,0.475,-1.8923428058624268,-1.8688994646072388,-2.057807445526123,-1.6945065259933472,580
OPB,P2O5(WT%),13,0.52,0.476,0.57,-2.283271074295044,-2.308830976486206,-2.504138708114624,-2.123188018798828,671
OPB,P2O5(WT%),14,0.65,0.571,0.754,-2.299196720123291,-2.320711135864258,-2.486997365951538,-2.121779441833496,650
OPB,P2O5(WT%),15,0.9484999999999999,0.756,5.46,-2.177682876586914,-2.148782968521118,-2.4704983234405518,-1.7866371870040894,662
OPB,SR(PPM),1,93.0,0.524,108.0,0.29431062936782837,0.25417613983154297,0.12015849351882935,0.45164984464645386,552
OPB,SR(PPM),2,124.0,108.041932173652,138.0,0.47365328669548035,0.4785574972629547,0.33617672324180603,0.6029460430145264,553
OPB,SR(PPM),3,150.0,138.047748261904,163.4,-0.1020381823182106,-0.06266296654939651,-0.18554937839508057,0.048906393349170685,544
OPB,SR(PPM),4,175.0,163.5,185.0,-0.21999506652355194,-0.21137836575508118,-0.26554161310195923,-0.16978220641613007,567
OPB,SR(PPM),5,196.0,185.13351,206.6,-0.2385738492012024,-0.22910618782043457,-0.2811228334903717,-0.18931829929351807,532
OPB,SR(PPM),6,221.0,206.72,235.0,-0.06378914415836334,-0.05886541306972504,-0.13884645700454712,0.013157397508621216,559
OPB,SR(PPM),7,247.0,235.255,260.0,0.11404658108949661,0.09529518336057663,0.009010626934468746,0.20098161697387695,541
OPB,SR(PPM),8,274.1,260.172296,289.0,-0.10461574792861938,-0.1025310605764389,-0.24014174938201904,0.03763176500797272,562
OPB,SR(PPM),9,304.0,290.0,313.0,-0.2121061384677887,-0.23742739856243134,-0.3120323419570923,-0.1505376249551773,536
OPB,SR(PPM),10,324.0,313.046309395204,337.56,-0.23674777150154114,-0.27579057216644287,-0.375169575214386,-0.15640592575073242,549
OPB,SR(PPM),11,356.0,337.638,379.0,-0.33800774812698364,-0.3274979591369629,-0.4060268998146057,-0.23456892371177673,551
OPB,SR(PPM),12,403.0,379.9,436.0,-0.3666576147079468,-0.3849128186702728,-0.46611303091049194,-0.306260883808136,554
OPB,SR(PPM),13,479.0,436.34,522.0,-0.43246990442276,-0.4147927165031433,-0.523913562297821,-0.30987298488616943,544
OPB,SR(PPM),14,589.711980702667,522.03,674.0,-0.5559781789779663,-0.5158258676528931,-0.6234943866729736,-0.4332316517829895,549
OPB,SR(PPM),15,827.95,675.0,6404.0,-0.5997735857963562,-0.5925031900405884,-0.6888318061828613,-0.4888307750225067,550
CFB,FE_TOTAL(WT%),1,8.0698,0.746834,8.619340000000001,-1.268725037574768,-1.246065378189087,-1.4793126583099365,-1.0129936933517456,672
CFB,FE_TOTAL(WT%),2,9.069984,8.62,9.375916,-0.8332139253616333,-0.8406907320022583,-1.0400015115737915,-0.6291928291320801,681
CFB,FE_TOTAL(WT%),3,9.636858000000002,9.377818,9.825816,-0.46573910117149353,-0.4590601921081543,-0.5801059007644653,-0.33938950300216675,663
CFB,FE_TOTAL(WT%),4,10.01,9.827496,10.207116,-0.31447339057922363,-0.3139837980270386,-0.40695589780807495,-0.22296005487442017,671
CFB,FE_TOTAL(WT%),5,10.38,10.207416,10.55,-0.07066892087459564,-0.06562373042106628,-0.12869642674922943,0.008413050323724747,674
CFB,FE_TOTAL(WT%),6,10.7,10.5509367740888,10.84259,-0.013485215604305267,-0.007952728308737278,-0.07252819836139679,0.04767362028360367,671
CFB,FE_TOTAL(WT%),7,10.98,10.845092,11.11425,0.027560368180274963,0.036625660955905914,-0.038601890206336975,0.09888717532157898,671
CFB,FE_TOTAL(WT%),8,11.2475,11.118758,11.373472,0.09722396731376648,0.10988029092550278,0.04875324293971062,0.16782808303833008,671
CFB,FE_TOTAL(WT%),9,11.51744,11.374492,11.672666,0.2334696501493454,0.24595315754413605,0.15893219411373138,0.31941619515419006,672
CFB,FE_TOTAL(WT%),10,11.83237,11.67447,12.00872,0.35838234424591064,0.37729889154434204,0.29224419593811035,0.4551578760147095,672
CFB,FE_TOTAL(WT%),11,12.2,12.01,12.41,0.5166018009185791,0.5309664011001587,0.428557813167572,0.630653977394104,676
CFB,FE_TOTAL(WT%),12,12.606198,12.410257552,12.849144,0.5861594676971436,0.6052767038345337,0.47977742552757263,0.7244766354560852,668
CFB,FE_TOTAL(WT%),13,13.09209,12.85,13.3839109095395,0.7557985186576843,0.7624688744544983,0.6137799620628357,0.9021340608596802,671
CFB,FE_TOTAL(WT%),14,13.730948,13.38467,14.14,0.9960181713104248,0.9838393926620483,0.853356659412384,1.1237777471542358,673
CFB,FE_TOTAL(WT%),15,14.69,14.140229023349978,28.607882,1.0167595148086548,0.9913828372955322,0.8974396586418152,1.142439842224121,671
CFB,ZR(PPM),1,40.0,0.0,54.0,-0.38088661432266235,-0.37202009558677673,-0.5120174288749695,-0.24601151049137115,540
CFB,ZR(PPM),2,65.0,54.1,72.44480005968364,-0.35672527551651,-0.3791223168373108,-0.45403122901916504,-0.28969353437423706,540
CFB,ZR(PPM),3,80.0,72.5,87.0,-0.21686652302742004,-0.22371025383472443,-0.2931308150291443,-0.15191508829593658,548
CFB,ZR(PPM),4,95.5,87.2,102.0,0.09545926004648209,0.1214279755949974,0.028526926413178444,0.21192172169685364,551
CFB,ZR(PPM),5,108.44,102.1,113.0,0.2717978358268738,0.2879961431026459,0.1773335188627243,0.38969698548316956,525
CFB,ZR(PPM),6,119.0,113.1,124.0,0.3489997982978821,0.35626211762428284,0.24443359673023224,0.44762304425239563,550
CFB,ZR(PPM),7,129.0,124.049873756946,134.0,0.3208794593811035,0.3239424228668213,0.20797082781791687,0.4194858968257904,551
CFB,ZR(PPM),8,140.0,134.0171435470935,145.0,0.3178015947341919,0.3064052164554596,0.20065805315971375,0.39465606212615967,522
CFB,ZR(PPM),9,152.4,145.2,160.0,0.2779875695705414,0.2827973961830139,0.19091345369815826,0.35986757278442383,557
CFB,ZR(PPM),10,168.7,160.09,176.2,0.25960999727249146,0.260101318359375,0.18688715994358063,0.3202764689922333,517
CFB,ZR(PPM),11,184.0,176.238,191.0,0.2517358958721161,0.2512526512145996,0.18601377308368683,0.31626105308532715,563
CFB,ZR(PPM),12,199.05,191.02,210.0,0.2987022399902344,0.27719587087631226,0.20945897698402405,0.3354724943637848,532
CFB,ZR(PPM),13,224.0,210.3,242.0,0.27465343475341797,0.28187403082847595,0.20558622479438782,0.35735344886779785,526
CFB,ZR(PPM),14,265.0,242.7,305.450785105428,0.35491132736206055,0.3728099465370178,0.2755793631076813,0.46361902356147766,537
CFB,ZR(PPM),15,367.5,306.0,2396.0,0.5722382068634033,0.5641553997993469,0.427010715007782,0.7015275955200195,540
