CV_GROUP_V4,TRUE_LABEL,n_samples,accuracy,mean_max_probability,mean_entropy,mean_element_coverage,publication_year,database
PAPER|GEOROC|CITATION_ID|10164,OIB,10,1.0,0.957330301,0.1609873057,19.0,2007.0,GEOROC
PAPER|GEOROC|CITATION_ID|10281,OIB,62,0.9838709677419355,0.9709519748387097,0.13118375962903228,17.548387096774192,2007.0,GEOROC
PAPER|GEOROC|CITATION_ID|1036,OIB,1,0.0,0.90075576,0.41571882,10.0,1970.0,GEOROC
PAPER|GEOROC|CITATION_ID|10384,CFB,8,0.875,0.9207017200000001,0.3315319675,19.0,1993.0,GEOROC
PAPER|GEOROC|CITATION_ID|10552,OPB,14,0.42857142857142855,0.7294197721428571,0.7635344415714286,18.928571428571427,2004.0,GEOROC
PAPER|GEOROC|CITATION_ID|10567,OIB,33,0.9090909090909091,0.89057136,0.337910992,17.727272727272727,2007.0,GEOROC
PAPER|GEOROC|CITATION_ID|10583,OPB,2,0.0,0.66927835,0.9509889,18.0,2007.0,GEOROC
PAPER|GEOROC|CITATION_ID|10641,CFB,10,1.0,0.873465156,0.38183830539999997,19.0,2007.0,GEOROC
PAPER|GEOROC|CITATION_ID|1075,OIB,25,0.6,0.7033272436,0.6709940096,17.36,1978.0,GEOROC
PAPER|GEOROC|CITATION_ID|1077,OIB,2,0.0,0.9296364500000001,0.276218169,14.0,1978.0,GEOROC
PAPER|GEOROC|CITATION_ID|1126,OIB,80,0.9125,0.8285163491249999,0.49813675017500003,16.475,1995.0,GEOROC
PAPER|GEOROC|CITATION_ID|11342,IAB,17,0.058823529411764705,0.6618516576470588,0.9116946088235295,18.823529411764707,2008.0,GEOROC
PAPER|GEOROC|CITATION_ID|1139,OIB,24,0.875,0.8281751325000001,0.5523221929166667,10.0,1983.0,GEOROC
PAPER|GEOROC|CITATION_ID|11395,OIB,11,1.0,0.9302966572727273,0.2902671581818182,18.0,2002.0,GEOROC
PAPER|GEOROC|CITATION_ID|1155,OIB,1,1.0,0.92710376,0.28721666,10.0,1991.0,GEOROC
PAPER|GEOROC|CITATION_ID|1157,OIB,2,1.0,0.84767965,0.5338941150000001,10.0,1969.0,GEOROC
PAPER|GEOROC|CITATION_ID|11716,IAB,17,0.5882352941176471,0.7464137235294118,0.621039814117647,18.58823529411765,2008.0,GEOROC
PAPER|GEOROC|CITATION_ID|11773,CAB,8,0.625,0.9454981825,0.21327583,19.0,2005.0,GEOROC
PAPER|GEOROC|CITATION_ID|11858,CFB,40,1.0,0.9566999795,0.16036497757499998,18.0,2008.0,GEOROC
PAPER|GEOROC|CITATION_ID|11897,CFB,5,0.6,0.7165531279999999,0.7129207794,19.0,2008.0,GEOROC
PAPER|GEOROC|CITATION_ID|1192,OIB,40,1.0,0.95929720025,0.1675192134,17.0,1988.0,GEOROC
PAPER|GEOROC|CITATION_ID|12036,CFB,17,1.0,0.9235311023529412,0.26528367794117647,19.0,2004.0,GEOROC
PAPER|GEOROC|CITATION_ID|12114,IAB,1,1.0,0.8992149,0.42033812,19.0,1992.0,GEOROC
PAPER|GEOROC|CITATION_ID|1220,OIB,13,0.7692307692307693,0.7191578392307693,0.6934369300000001,12.0,1986.0,GEOROC
PAPER|GEOROC|CITATION_ID|12274,CFB,19,0.5789473684210527,0.8309912694736843,0.4961416227894737,18.894736842105264,2008.0,GEOROC
PAPER|GEOROC|CITATION_ID|1231,OIB,12,0.9166666666666666,0.84902972,0.5103196408333334,10.0,1972.0,GEOROC
PAPER|GEOROC|CITATION_ID|1233,OIB,1,1.0,0.99594927,0.029815929,10.0,1987.0,GEOROC
PAPER|GEOROC|CITATION_ID|12334,CFB,14,1.0,0.8954807942857143,0.38505578964285714,18.0,2008.0,GEOROC
PAPER|GEOROC|CITATION_ID|12535,BABB,3,0.3333333333333333,0.58363065,0.94223628,17.0,2008.0,GEOROC
PAPER|GEOROC|CITATION_ID|1260,OIB,4,0.0,0.738775575,0.71385689,11.5,1971.0,GEOROC
PAPER|GEOROC|CITATION_ID|12774,CFB,20,0.95,0.8864908399999999,0.34881863085,19.0,1999.0,GEOROC
PAPER|GEOROC|CITATION_ID|12899,CFB,22,0.4090909090909091,0.7691476640909091,0.5780599486363637,14.090909090909092,2009.0,GEOROC
PAPER|GEOROC|CITATION_ID|1291,OIB,24,0.8333333333333334,0.8257323754166667,0.47107949008333333,14.166666666666666,1964.0,GEOROC
PAPER|GEOROC|CITATION_ID|12925,CAB,1,1.0,0.9635668,0.17449516,16.0,1998.0,GEOROC
PAPER|GEOROC|CITATION_ID|13057,CFB,22,1.0,0.9602159568181818,0.14903769309090908,18.318181818181817,1988.0,GEOROC
PAPER|GEOROC|CITATION_ID|13086,OIB,14,0.9285714285714286,0.7432331457142858,0.6925274807142857,19.0,2009.0,GEOROC
PAPER|GEOROC|CITATION_ID|13106,IAB,3,1.0,0.9551175933333335,0.21689853666666667,10.0,1992.0,GEOROC
PAPER|GEOROC|CITATION_ID|13128,OIB,21,1.0,0.9581644638095238,0.16880229695238094,17.0,2009.0,GEOROC
PAPER|GEOROC|CITATION_ID|1326,OIB,1,0.0,0.7089275,1.0079399,18.0,1988.0,GEOROC
PAPER|GEOROC|CITATION_ID|1338,OIB,6,1.0,0.90171261,0.3155138891666667,18.0,1975.0,GEOROC
PAPER|GEOROC|CITATION_ID|13384,OIB,59,1.0,0.9879038130508475,0.07057974437288136,10.0,2009.0,GEOROC
PAPER|GEOROC|CITATION_ID|1343,OIB,9,0.1111111111111111,0.6139716755555555,0.9679826811111111,19.0,1985.0,GEOROC
PAPER|GEOROC|CITATION_ID|13460,IOAB,16,1.0,0.9882725906250001,0.06432464406874999,18.0,2009.0,GEOROC
PAPER|GEOROC|CITATION_ID|13519,CFB,18,0.9444444444444444,0.9283685277777778,0.24962807244444443,18.0,2009.0,GEOROC
PAPER|GEOROC|CITATION_ID|13521,OIB,22,1.0,0.9725677381818181,0.13935535627272727,17.09090909090909,2009.0,GEOROC
PAPER|GEOROC|CITATION_ID|13608,CFB,33,0.9393939393939394,0.9385335378787879,0.19744567406060606,17.0,2009.0,GEOROC
PAPER|GEOROC|CITATION_ID|13762,IAB,20,0.2,0.6353380989999999,0.9676334815000001,14.0,2005.0,GEOROC
PAPER|GEOROC|CITATION_ID|13871,CFB,10,1.0,0.827666374,0.547486892,19.0,2009.0,GEOROC
PAPER|GEOROC|CITATION_ID|13872,CFB,11,0.6363636363636364,0.6653810709090909,0.8727182572727272,10.0,2009.0,GEOROC
PAPER|GEOROC|CITATION_ID|1398,OIB,1,0.0,0.58997756,1.0057012,10.0,1966.0,GEOROC
PAPER|GEOROC|CITATION_ID|13990,CAB,2,0.0,0.6852231049999999,0.958228815,19.0,2010.0,GEOROC
PAPER|GEOROC|CITATION_ID|1400,OIB,1,1.0,0.98770136,0.08462109,10.0,1964.0,GEOROC
PAPER|GEOROC|CITATION_ID|1403,OIB,15,1.0,0.8737940846666666,0.3869690826666667,10.0,1962.0,GEOROC
PAPER|GEOROC|CITATION_ID|1407,OIB,22,0.7272727272727273,0.6725547627272728,0.7585081627272726,18.272727272727273,1995.0,GEOROC
PAPER|GEOROC|CITATION_ID|1418,OIB,1,1.0,0.96839327,0.16673,18.0,1971.0,GEOROC
PAPER|GEOROC|CITATION_ID|14184,CFB,35,1.0,0.9328800408571429,0.28516520034285714,17.62857142857143,2009.0,GEOROC
PAPER|GEOROC|CITATION_ID|1429,OIB,3,1.0,0.8722505333333334,0.4249342133333333,10.0,1962.0,GEOROC
PAPER|GEOROC|CITATION_ID|1433,OIB,8,0.875,0.93779067375,0.25368477925,10.0,1931.0,GEOROC
PAPER|GEOROC|CITATION_ID|1435,OIB,9,1.0,0.9772457722222223,0.11700801188888889,10.0,1938.0,GEOROC
PAPER|GEOROC|CITATION_ID|14391,CAB,13,1.0,0.9129638830769231,0.2801698447692308,16.0,2010.0,GEOROC
PAPER|GEOROC|CITATION_ID|1442,OIB,15,0.7333333333333333,0.7281847193333333,0.6773069526666667,10.0,1964.0,GEOROC
PAPER|GEOROC|CITATION_ID|14432,CFB,119,1.0,0.937802213697479,0.19003303363109242,18.95798319327731,2000.0,GEOROC
PAPER|GEOROC|CITATION_ID|1445,OIB,7,0.8571428571428571,0.7685804542857142,0.6832916328571429,11.714285714285714,1976.0,GEOROC
PAPER|GEOROC|CITATION_ID|14457,CFB,7,1.0,0.9079698800000001,0.2506535637142857,19.0,2010.0,GEOROC
PAPER|GEOROC|CITATION_ID|14499,OIB,29,0.9655172413793104,0.9592856413793103,0.15764962072413793,19.0,2010.0,GEOROC
PAPER|GEOROC|CITATION_ID|1461,OIB,1,1.0,0.7735898,0.66124666,10.0,1954.0,GEOROC
PAPER|GEOROC|CITATION_ID|14631,CFB,9,0.8888888888888888,0.9556142066666666,0.12386135105555557,19.0,1998.0,GEOROC
PAPER|GEOROC|CITATION_ID|1467,OIB,2,1.0,0.8808125,0.43771616,10.0,1939.0,GEOROC
PAPER|GEOROC|CITATION_ID|14706,CFB,6,0.5,0.6916693,0.840368795,11.333333333333334,1988.0,GEOROC
PAPER|GEOROC|CITATION_ID|14732,OIB,5,1.0,0.839624004,0.47743667,18.0,2010.0,GEOROC
PAPER|GEOROC|CITATION_ID|14766,CFB,10,0.9,0.8736373900000001,0.3886624656,19.0,1990.0,GEOROC
PAPER|GEOROC|CITATION_ID|14774,CFB,26,0.9230769230769231,0.9080890261538461,0.2847265091538462,17.692307692307693,1991.0,GEOROC
PAPER|GEOROC|CITATION_ID|14788,CFB,32,0.84375,0.8830986165625,0.3682514036875,18.4375,1992.0,GEOROC
PAPER|GEOROC|CITATION_ID|14853,OIB,12,1.0,0.9753264191666666,0.1328338395,19.0,2010.0,GEOROC
PAPER|GEOROC|CITATION_ID|14907,OIB,15,0.4,0.719389766,0.7681383106666666,18.333333333333332,2010.0,GEOROC
PAPER|GEOROC|CITATION_ID|1493,OIB,1,1.0,0.7305892,0.63326824,12.0,1999.0,GEOROC
PAPER|GEOROC|CITATION_ID|1495,OIB,1,0.0,0.6385405,0.823055,19.0,1999.0,GEOROC
PAPER|GEOROC|CITATION_ID|1496,OIB,15,0.9333333333333333,0.8609747566666667,0.36307098393333337,17.533333333333335,1999.0,GEOROC
PAPER|GEOROC|CITATION_ID|14983,CFB,76,1.0,0.9763752303947368,0.09694430211973684,17.81578947368421,1999.0,GEOROC
PAPER|GEOROC|CITATION_ID|14988,CFB,45,0.6222222222222222,0.6062267782222223,0.980212992,18.955555555555556,2011.0,GEOROC
PAPER|GEOROC|CITATION_ID|15044,CFB,4,1.0,0.9469228,0.248036635,14.0,2011.0,GEOROC
PAPER|GEOROC|CITATION_ID|15047,CFB,345,0.936231884057971,0.8992575136231885,0.3028647297921739,18.713043478260868,2011.0,GEOROC
PAPER|GEOROC|CITATION_ID|15189,CFB,14,1.0,0.8964302592857143,0.32624777921428566,19.0,2006.0,GEOROC
PAPER|GEOROC|CITATION_ID|15229,OPB,14,0.7857142857142857,0.69743842,0.8692376399999999,17.142857142857142,2011.0,GEOROC
PAPER|GEOROC|CITATION_ID|15233,MORB,61,0.7377049180327869,0.5935094059016394,1.0224498577868852,12.557377049180328,2011.0,GEOROC
PAPER|GEOROC|CITATION_ID|1539,OIB,3,1.0,0.97376842,0.13619328666666666,16.333333333333332,1975.0,GEOROC
PAPER|GEOROC|CITATION_ID|15530,CFB,2,0.5,0.69616505,0.6532603,10.0,2011.0,GEOROC
PAPER|GEOROC|CITATION_ID|1556,CFB,16,0.9375,0.8013975225,0.62680280375,19.0,1996.0,GEOROC
PAPER|GEOROC|CITATION_ID|15566,IOAB,14,1.0,0.9844964407142857,0.06985243881428571,18.5,2011.0,GEOROC
PAPER|GEOROC|CITATION_ID|1559,CFB,10,1.0,0.9978426239999999,0.0174190763,18.0,1999.0,GEOROC
PAPER|GEOROC|CITATION_ID|15593,IAB,7,0.7142857142857143,0.7266235942857142,0.7624310057142857,19.0,2011.0,GEOROC
PAPER|GEOROC|CITATION_ID|15658,CFB,15,0.8666666666666667,0.8874338693333333,0.36283228819999996,19.0,2011.0,GEOROC
PAPER|GEOROC|CITATION_ID|15751,IAB,4,0.0,0.56139001,1.090532325,15.0,1993.0,GEOROC
PAPER|GEOROC|CITATION_ID|15755,OIB,100,0.78,0.7419766957,0.7042319472399999,14.77,2012.0,GEOROC
PAPER|GEOROC|CITATION_ID|15816,CFB,13,0.6153846153846154,0.8331386584615385,0.4779559153846154,18.615384615384617,2011.0,GEOROC
PAPER|GEOROC|CITATION_ID|15983,OIB,26,1.0,0.9491611984615385,0.20263606096153847,16.0,2010.0,GEOROC
PAPER|GEOROC|CITATION_ID|15984,CFB,9,1.0,0.8042233555555556,0.5989930433333334,18.88888888888889,2010.0,GEOROC
PAPER|GEOROC|CITATION_ID|15993,OIB,60,0.9666666666666667,0.9311416531666666,0.20806357771666667,19.0,2012.0,GEOROC
PAPER|GEOROC|CITATION_ID|16319,CFB,20,1.0,0.9936876769999999,0.038665392175,18.0,2012.0,GEOROC
PAPER|GEOROC|CITATION_ID|16341,OIB,46,0.8913043478260869,0.7890958123913043,0.6028524253043479,18.108695652173914,2012.0,GEOROC
PAPER|GEOROC|CITATION_ID|1636,OPB,3,0.6666666666666666,0.7109671933333334,0.7902830999999999,19.0,1989.0,GEOROC
PAPER|GEOROC|CITATION_ID|16488,OIB,27,0.5925925925925926,0.5692674262962962,0.7847008718518518,15.0,2012.0,GEOROC
PAPER|GEOROC|CITATION_ID|16538,CFB,8,1.0,0.99738432,0.0197416508875,18.0,2010.0,GEOROC
PAPER|GEOROC|CITATION_ID|1665,OPB,73,1.0,0.9833014093150685,0.09375085993150685,17.315068493150687,1993.0,GEOROC
PAPER|GEOROC|CITATION_ID|16704,OIB,4,0.75,0.9225828125,0.3313104625,14.5,2012.0,GEOROC
PAPER|GEOROC|CITATION_ID|16897,IAB,1,0.0,0.37815776,1.3532639,19.0,2012.0,GEOROC
PAPER|GEOROC|CITATION_ID|16898,OIB,2,1.0,0.938818135,0.282329105,10.0,2012.0,GEOROC
PAPER|GEOROC|CITATION_ID|16975,OIB,8,0.625,0.952297825,0.227011059625,19.0,2013.0,GEOROC
PAPER|GEOROC|CITATION_ID|17004,IAB,22,1.0,0.9491452022727273,0.22787078754545453,18.5,2013.0,GEOROC
PAPER|GEOROC|CITATION_ID|17201,OIB,43,1.0,0.8511319293023256,0.48742181309302324,18.837209302325583,1996.0,GEOROC
PAPER|GEOROC|CITATION_ID|17313,CFB,26,1.0,0.9538856223076924,0.16392542623076922,19.0,2013.0,GEOROC
PAPER|GEOROC|CITATION_ID|17427,OIB,27,0.9629629629629629,0.9332725533333333,0.264739958,16.77777777777778,1989.0,GEOROC
PAPER|GEOROC|CITATION_ID|17455,CFB,6,0.8333333333333334,0.887350905,0.37988983233333334,19.0,2013.0,GEOROC
PAPER|GEOROC|CITATION_ID|1749,CFB,4,0.25,0.6081677125,1.0462876,10.0,1976.0,GEOROC
PAPER|GEOROC|CITATION_ID|1760,CFB,11,0.6363636363636364,0.6533039718181818,0.7860356790909091,14.0,1998.0,GEOROC
PAPER|GEOROC|CITATION_ID|17633,CFB,76,0.8421052631578947,0.8172910001315788,0.5471685943421052,16.55263157894737,2013.0,GEOROC
PAPER|GEOROC|CITATION_ID|17634,OIB,12,1.0,0.9178673316666667,0.31972992833333336,17.333333333333332,2013.0,GEOROC
PAPER|GEOROC|CITATION_ID|17663,OIB,14,0.9285714285714286,0.8576284428571429,0.405585544,10.0,2013.0,GEOROC
PAPER|GEOROC|CITATION_ID|17677,CFB,57,1.0,0.9920415003508772,0.048164794947368424,18.0,2013.0,GEOROC
PAPER|GEOROC|CITATION_ID|177,OIB,11,1.0,0.9792981627272727,0.107718268,14.272727272727273,1987.0,GEOROC
PAPER|GEOROC|CITATION_ID|1770,CFB,3,0.6666666666666666,0.6389983,1.0548007533333335,15.666666666666666,1972.0,GEOROC
PAPER|GEOROC|CITATION_ID|18035,CAB,6,0.6666666666666666,0.5978485050000001,1.142263305,10.0,2014.0,GEOROC
PAPER|GEOROC|CITATION_ID|18071,CFB,113,0.9026548672566371,0.8236225683185842,0.5485000895371681,15.017699115044248,2014.0,GEOROC
PAPER|GEOROC|CITATION_ID|18072,IOAB,33,0.7575757575757576,0.7338939824242424,0.8039038353333333,18.848484848484848,2014.0,GEOROC
PAPER|GEOROC|CITATION_ID|18211,CFB,13,1.0,0.7033771461538462,0.8499689546153846,19.0,2014.0,GEOROC
PAPER|GEOROC|CITATION_ID|18214,CFB,104,0.8846153846153846,0.8999819960576924,0.3245539330125,17.634615384615383,2014.0,GEOROC
PAPER|GEOROC|CITATION_ID|18221,IAB,5,1.0,0.930186486,0.34059114999999995,10.0,2014.0,GEOROC
PAPER|GEOROC|CITATION_ID|18365,CAB,11,1.0,0.932327650909091,0.20085108954545455,19.0,2014.0,GEOROC
PAPER|GEOROC|CITATION_ID|18469,OIB,17,1.0,0.9573296847058823,0.17513149729411764,19.0,2014.0,GEOROC
PAPER|GEOROC|CITATION_ID|1864,CFB,3,0.6666666666666666,0.6240354133333333,0.8585920166666666,10.0,1981.0,GEOROC
PAPER|GEOROC|CITATION_ID|1872,CFB,6,0.5,0.5341281216666667,1.2525986833333334,10.0,1978.0,GEOROC
PAPER|GEOROC|CITATION_ID|18767,OIB,62,0.9193548387096774,0.8972364130645161,0.300409988,17.983870967741936,2014.0,GEOROC
PAPER|GEOROC|CITATION_ID|18792,CFB,11,0.9090909090909091,0.8771329554545454,0.36425308000000006,17.727272727272727,1997.0,GEOROC
PAPER|GEOROC|CITATION_ID|18933,CFB,6,0.0,0.63458861,0.90409847,19.0,1981.0,GEOROC
PAPER|GEOROC|CITATION_ID|19017,CFB,19,1.0,0.9966734768421052,0.023273015373684213,17.0,2014.0,GEOROC
PAPER|GEOROC|CITATION_ID|1902,CFB,14,0.7857142857142857,0.836109815,0.4491889278571429,17.0,1988.0,GEOROC
PAPER|GEOROC|CITATION_ID|19047,CFB,30,0.9666666666666667,0.9079039243333333,0.3135975072,16.9,1987.0,GEOROC
PAPER|GEOROC|CITATION_ID|1905,CFB,16,0.75,0.78395550875,0.5004782814375,17.375,1988.0,GEOROC
PAPER|GEOROC|CITATION_ID|19104,OPB,215,0.31627906976744186,0.7282329272093022,0.803525716372093,17.837209302325583,2012.0,GEOROC
PAPER|GEOROC|CITATION_ID|19127,CFB,7,0.7142857142857143,0.7679323085714286,0.6418838712857143,16.0,2015.0,GEOROC
PAPER|GEOROC|CITATION_ID|19150,CFB,1,1.0,0.40860358,1.2822827,18.0,2015.0,GEOROC
PAPER|GEOROC|CITATION_ID|19324,CAB,1,0.0,0.7810898,0.61271024,19.0,2015.0,GEOROC
PAPER|GEOROC|CITATION_ID|19381,IAB,19,0.7368421052631579,0.8160235531578948,0.558366064736842,19.0,2015.0,GEOROC
PAPER|GEOROC|CITATION_ID|1943,CFB,18,0.9444444444444444,0.8300901961111111,0.5369435761111112,16.0,1983.0,GEOROC
PAPER|GEOROC|CITATION_ID|1943,MORB,7,0.5714285714285714,0.7185609700000001,0.7299486000000001,16.0,1983.0,GEOROC
PAPER|GEOROC|CITATION_ID|19483,OIB,10,0.5,0.590381318,0.961518513,10.0,2006.0,GEOROC
PAPER|GEOROC|CITATION_ID|19680,OIB,27,0.48148148148148145,0.612702607037037,0.9443619570370371,18.62962962962963,2015.0,GEOROC
PAPER|GEOROC|CITATION_ID|1975,CFB,39,0.9230769230769231,0.9007439243589743,0.26945734475897437,18.333333333333332,1994.0,GEOROC
PAPER|GEOROC|CITATION_ID|19773,CAB,8,0.5,0.76332290375,0.67452604875,19.0,2015.0,GEOROC
PAPER|GEOROC|CITATION_ID|1978,CFB,5,1.0,0.9035493800000001,0.2828817516,19.0,1994.0,GEOROC
PAPER|GEOROC|CITATION_ID|19784,OPB,1,0.0,0.55367947,1.0871354,15.0,2015.0,GEOROC
PAPER|GEOROC|CITATION_ID|198,OIB,11,0.7272727272727273,0.7581915590909091,0.5477894501818182,18.545454545454547,1994.0,GEOROC
PAPER|GEOROC|CITATION_ID|19818,OIB,16,1.0,0.9918014631250001,0.05214592125,19.0,2015.0,GEOROC
PAPER|GEOROC|CITATION_ID|19928,IAB,7,0.5714285714285714,0.7568455242857143,0.6757577028571429,19.0,2015.0,GEOROC
PAPER|GEOROC|CITATION_ID|19989,IAB,77,0.922077922077922,0.8425003375324676,0.4780431036103896,17.0,2015.0,GEOROC
PAPER|GEOROC|CITATION_ID|20054,CFB,11,0.6363636363636364,0.6433479181818181,0.8987575054545455,19.0,2016.0,GEOROC
PAPER|GEOROC|CITATION_ID|2009,OPB,15,0.13333333333333333,0.5296013846666666,1.0766267386666668,10.0,1977.0,GEOROC
PAPER|GEOROC|CITATION_ID|20128,CFB,24,0.4166666666666667,0.5093387070833334,1.1888669358333332,15.0,2016.0,GEOROC
PAPER|GEOROC|CITATION_ID|20175,CFB,9,0.7777777777777778,0.8074002222222222,0.5678291966666666,19.0,2016.0,GEOROC
PAPER|GEOROC|CITATION_ID|20187,CFB,10,1.0,0.988822077,0.06185171410000001,19.0,2016.0,GEOROC
PAPER|GEOROC|CITATION_ID|2026,OIB,2,0.5,0.48188777,1.016668,10.0,1966.0,GEOROC
PAPER|GEOROC|CITATION_ID|20470,IAB,11,0.9090909090909091,0.8933723009090909,0.305422595,17.363636363636363,2016.0,GEOROC
PAPER|GEOROC|CITATION_ID|20505,OIB,37,0.40540540540540543,0.7095685840540541,0.7625673091891892,18.756756756756758,2012.0,GEOROC
PAPER|GEOROC|CITATION_ID|20594,IAB,15,1.0,0.973518978,0.12944563026666667,10.0,2016.0,GEOROC
PAPER|GEOROC|CITATION_ID|20623,CFB,35,1.0,0.9792818411428572,0.10020915032857143,19.0,2016.0,GEOROC
PAPER|GEOROC|CITATION_ID|20645,CAB,12,1.0,0.9231853591666667,0.25220845208333337,19.0,2016.0,GEOROC
PAPER|GEOROC|CITATION_ID|20802,CAB,9,0.7777777777777778,0.8644863544444444,0.361453766,19.0,2017.0,GEOROC
PAPER|GEOROC|CITATION_ID|20845,OIB,10,0.7,0.758550305,0.5278804825,16.0,2017.0,GEOROC
PAPER|GEOROC|CITATION_ID|2085,OPB,2,0.0,0.5921406499999999,1.0564772,12.0,1981.0,GEOROC
PAPER|GEOROC|CITATION_ID|2089,MORB,10,0.0,0.658032897,0.9922428,19.0,1984.0,GEOROC
PAPER|GEOROC|CITATION_ID|210,OIB,49,1.0,0.981792493877551,0.09550580140816325,10.0,1975.0,GEOROC
PAPER|GEOROC|CITATION_ID|21118,CAB,1,0.0,0.638141,0.9027671,10.0,2017.0,GEOROC
PAPER|GEOROC|CITATION_ID|21144,CFB,140,0.8357142857142857,0.7726418707142857,0.5941120108714286,19.0,2017.0,GEOROC
PAPER|GEOROC|CITATION_ID|21435,CFB,25,1.0,0.9638184276,0.1455861903,19.0,2017.0,GEOROC
PAPER|GEOROC|CITATION_ID|21502,BABB,1,1.0,0.9952226,0.037049256,19.0,2013.0,GEOROC
PAPER|GEOROC|CITATION_ID|21850,CFB,40,1.0,0.9665061955,0.12661580158000002,18.95,2018.0,GEOROC
PAPER|GEOROC|CITATION_ID|21882,OIB,2,1.0,0.805832895,0.7219042499999999,10.0,2017.0,GEOROC
PAPER|GEOROC|CITATION_ID|21895,OIB,92,0.6521739130434783,0.7359459860869566,0.5787759576630435,15.0,2017.0,GEOROC
PAPER|GEOROC|CITATION_ID|219,OIB,1,1.0,0.9811391,0.10432138,17.0,1993.0,GEOROC
PAPER|GEOROC|CITATION_ID|223,OIB,22,1.0,0.962782325909091,0.17814559095454546,18.0,1989.0,GEOROC
PAPER|GEOROC|CITATION_ID|225,OIB,2,1.0,0.9230665849999999,0.249201465,10.0,1991.0,GEOROC
PAPER|GEOROC|CITATION_ID|22593,OIB,3,1.0,0.8870081533333334,0.40995587333333333,10.0,2013.0,GEOROC
PAPER|GEOROC|CITATION_ID|22897,OIB,10,1.0,0.9707541909999999,0.1476041784,19.0,2019.0,GEOROC
PAPER|GEOROC|CITATION_ID|22929,OIB,31,1.0,0.9547680638709678,0.19240948825806453,19.0,2019.0,GEOROC
PAPER|GEOROC|CITATION_ID|23135,CFB,199,0.9798994974874372,0.9462493987437186,0.19339283074824123,18.77889447236181,2019.0,GEOROC
PAPER|GEOROC|CITATION_ID|23136,CFB,37,0.4594594594594595,0.7298307956756757,0.6967720551351352,19.0,2019.0,GEOROC
PAPER|GEOROC|CITATION_ID|23182,CFB,4,1.0,0.9229497074999999,0.33146812000000003,19.0,2019.0,GEOROC
PAPER|GEOROC|CITATION_ID|2319,IAB,7,0.42857142857142855,0.8561363785714285,0.41535867428571427,19.0,1996.0,GEOROC
PAPER|GEOROC|CITATION_ID|23460,OIB,1,0.0,0.76277214,0.6946927,19.0,2018.0,GEOROC
PAPER|GEOROC|CITATION_ID|23491,OIB,14,1.0,0.9064509999999999,0.356104005,19.0,2020.0,GEOROC
PAPER|GEOROC|CITATION_ID|23539,OIB,6,0.8333333333333334,0.7234523516666668,0.597699155,19.0,2020.0,GEOROC
PAPER|GEOROC|CITATION_ID|2355,CFB,24,1.0,0.9222305266666666,0.25405658354166666,17.0,1967.0,GEOROC
PAPER|GEOROC|CITATION_ID|23682,OIB,4,1.0,0.9000861499999999,0.411677255,19.0,2020.0,GEOROC
PAPER|GEOROC|CITATION_ID|237,OIB,8,1.0,0.98798403125,0.07253721825000001,10.0,1964.0,GEOROC
PAPER|GEOROC|CITATION_ID|2378,IOAB,6,0.0,0.6205703883333333,1.0663244516666668,16.166666666666668,1984.0,GEOROC
PAPER|GEOROC|CITATION_ID|23918,OIB,13,0.6923076923076923,0.6632164630769231,0.8484079500000001,16.923076923076923,2020.0,GEOROC
PAPER|GEOROC|CITATION_ID|2395,BABB,6,0.8333333333333334,0.8993647849999999,0.30519463166666666,12.0,1982.0,GEOROC
PAPER|GEOROC|CITATION_ID|2423,CFB,12,1.0,0.915063065,0.2876644154166667,19.0,1995.0,GEOROC
PAPER|GEOROC|CITATION_ID|2431,BABB,12,0.9166666666666666,0.8101648375,0.6718996914166667,12.25,1990.0,GEOROC
PAPER|GEOROC|CITATION_ID|24313,CFB,6,0.16666666666666666,0.651860185,0.8304412166666667,19.0,2021.0,GEOROC
PAPER|GEOROC|CITATION_ID|24496,CFB,31,0.967741935483871,0.8977846806451614,0.34175436832258066,18.903225806451612,2021.0,GEOROC
PAPER|GEOROC|CITATION_ID|2455,BABB,18,0.4444444444444444,0.8001120122222223,0.5023096477777779,14.666666666666666,1987.0,GEOROC
PAPER|GEOROC|CITATION_ID|24596,OPB,20,0.7,0.7240382135,0.680604476,19.0,2021.0,GEOROC
PAPER|GEOROC|CITATION_ID|24704,CFB,1,1.0,0.8895865,0.4124339,19.0,2021.0,GEOROC
PAPER|GEOROC|CITATION_ID|24778,OIB,17,0.9411764705882353,0.8082300429411765,0.5942000905882353,16.0,2021.0,GEOROC
PAPER|GEOROC|CITATION_ID|24786,CFB,29,0.9655172413793104,0.9465953548275862,0.21145525468965518,19.0,2021.0,GEOROC
PAPER|GEOROC|CITATION_ID|24964,CFB,22,1.0,0.9669866136363635,0.14778283259090907,18.954545454545453,2021.0,GEOROC
PAPER|GEOROC|CITATION_ID|2497,OIB,1,1.0,0.38907015,1.6179558,15.0,2000.0,GEOROC
PAPER|GEOROC|CITATION_ID|24974,OIB,2,1.0,0.935196325,0.28745302,18.0,2021.0,GEOROC
PAPER|GEOROC|CITATION_ID|25,OIB,34,0.9705882352941176,0.8668148973529411,0.40642304779411764,10.0,1987.0,GEOROC
PAPER|GEOROC|CITATION_ID|25094,OPB,1,1.0,0.89589435,0.4061855,19.0,2021.0,GEOROC
PAPER|GEOROC|CITATION_ID|25100,CAB,1,0.0,0.48973414,1.0684954,19.0,2021.0,GEOROC
PAPER|GEOROC|CITATION_ID|25171,CFB,92,0.9891304347826086,0.823034444673913,0.5638936386956521,10.0,2021.0,GEOROC
PAPER|GEOROC|CITATION_ID|25175,CFB,1,1.0,0.9851077,0.09344585,18.0,2021.0,GEOROC
PAPER|GEOROC|CITATION_ID|25294,CFB,15,0.5333333333333333,0.718061576,0.6835256523333333,19.0,2015.0,GEOROC
PAPER|GEOROC|CITATION_ID|25356,CFB,92,1.0,0.9951250976086956,0.03179977345652174,17.956521739130434,2021.0,GEOROC
PAPER|GEOROC|CITATION_ID|25358,CFB,40,1.0,0.97178466,0.089657254305,18.95,2021.0,GEOROC
PAPER|GEOROC|CITATION_ID|25586,CFB,10,1.0,0.995047587,0.0352161744,18.0,2022.0,GEOROC
PAPER|GEOROC|CITATION_ID|25772,CFB,13,0.9230769230769231,0.7936901538461538,0.6275969761538461,19.0,2022.0,GEOROC
PAPER|GEOROC|CITATION_ID|2589,CFB,2,1.0,0.9394133,0.2336663175,17.0,1988.0,GEOROC
PAPER|GEOROC|CITATION_ID|2595,BABB,28,0.7142857142857143,0.8127401167857142,0.5783640062857144,18.0,1980.0,GEOROC
PAPER|GEOROC|CITATION_ID|25953,CFB,6,0.8333333333333334,0.5662919416666666,1.1147444766666668,19.0,2022.0,GEOROC
PAPER|GEOROC|CITATION_ID|260,OIB,9,0.8888888888888888,0.9606848522222222,0.16978100455555556,10.0,1961.0,GEOROC
PAPER|GEOROC|CITATION_ID|2643,CFB,2,1.0,0.8698078250000001,0.43090006999999997,19.0,1993.0,GEOROC
PAPER|GEOROC|CITATION_ID|2652,CFB,43,1.0,0.9514065688372092,0.1929536695116279,17.0,1987.0,GEOROC
PAPER|GEOROC|CITATION_ID|26705,CAB,3,1.0,0.9471714000000001,0.20528276333333337,19.0,2022.0,GEOROC
PAPER|GEOROC|CITATION_ID|26738,CFB,15,1.0,0.9528687726666667,0.1947689769333333,19.0,2023.0,GEOROC
PAPER|GEOROC|CITATION_ID|2679,CFB,1,1.0,0.81558704,0.63669795,10.0,1972.0,GEOROC
PAPER|GEOROC|CITATION_ID|2686,CFB,1,1.0,0.7144977,0.88878334,15.0,1980.0,GEOROC
PAPER|GEOROC|CITATION_ID|2703,BABB,3,1.0,0.9539915433333334,0.17700677333333334,19.0,1998.0,GEOROC
PAPER|GEOROC|CITATION_ID|2710,CFB,6,0.6666666666666666,0.8026116433333333,0.5545790666666667,17.333333333333332,1976.0,GEOROC
PAPER|GEOROC|CITATION_ID|27103,OIB,4,1.0,0.9069427875,0.33312515249999997,19.0,2023.0,GEOROC
PAPER|GEOROC|CITATION_ID|27112,CFB,15,1.0,0.9670059,0.14278565506666666,18.733333333333334,2023.0,GEOROC
PAPER|GEOROC|CITATION_ID|2714,IOAB,6,0.8333333333333334,0.8058810766666666,0.523385335,10.0,1957.0,GEOROC
PAPER|GEOROC|CITATION_ID|27178,CFB,195,0.9794871794871794,0.9254863572820513,0.25236737287435895,19.0,2023.0,GEOROC
PAPER|GEOROC|CITATION_ID|27218,CFB,67,0.9850746268656716,0.9672181473134328,0.13674021973880598,19.0,2024.0,GEOROC
PAPER|GEOROC|CITATION_ID|27315,CFB,3,0.0,0.8079862733333334,0.44186828,19.0,2024.0,GEOROC
PAPER|GEOROC|CITATION_ID|2746,CFB,1,1.0,0.7647399,0.7914556,10.0,1966.0,GEOROC
PAPER|GEOROC|CITATION_ID|2782,CFB,196,0.9489795918367347,0.9191760050510204,0.26082459087040816,17.877551020408163,2000.0,GEOROC
PAPER|GEOROC|CITATION_ID|2790,CFB,3,0.3333333333333333,0.9567483866666667,0.200119495,13.333333333333334,1999.0,GEOROC
PAPER|GEOROC|CITATION_ID|280,OIB,5,1.0,0.9911380940000001,0.05766390219999999,10.0,1968.0,GEOROC
PAPER|GEOROC|CITATION_ID|2821,CFB,52,0.40384615384615385,0.7468319501923077,0.6457692914615384,19.0,1996.0,GEOROC
PAPER|GEOROC|CITATION_ID|2857,CFB,23,0.6956521739130435,0.6097747669565218,1.1061618726086955,12.173913043478262,1986.0,GEOROC
PAPER|GEOROC|CITATION_ID|286,OIB,4,1.0,0.9761458199999999,0.12159087125000001,10.0,1960.0,GEOROC
PAPER|GEOROC|CITATION_ID|28623,OPB,1,0.0,0.5609252,1.0199344,14.0,2016.0,GEOROC
PAPER|GEOROC|CITATION_ID|287,OIB,1,1.0,0.9680198,0.17240342,10.0,1957.0,GEOROC
PAPER|GEOROC|CITATION_ID|2903,CFB,5,1.0,0.9738141519999999,0.146679805,19.0,1997.0,GEOROC
PAPER|GEOROC|CITATION_ID|2905,OIB,2,1.0,0.89646525,0.405445175,19.0,1992.0,GEOROC
PAPER|GEOROC|CITATION_ID|2921,OPB,32,0.0,0.676564358125,0.8980198371875,10.0,1999.0,GEOROC
PAPER|GEOROC|CITATION_ID|2923,CFB,1008,0.9910714285714286,0.9694703627281746,0.12216083852599206,18.961309523809526,2000.0,GEOROC
PAPER|GEOROC|CITATION_ID|29423,CAB,4,1.0,0.95765841,0.19608760249999999,19.0,2025.0,GEOROC
PAPER|GEOROC|CITATION_ID|2954,BABB,6,0.3333333333333333,0.665171455,0.853819115,13.0,1972.0,GEOROC
PAPER|GEOROC|CITATION_ID|29786,OIB,2,1.0,0.96842923,0.172525745,10.0,2025.0,GEOROC
PAPER|GEOROC|CITATION_ID|2990,CFB,72,0.9861111111111112,0.9124794754166666,0.32578253555555553,19.0,1998.0,GEOROC
PAPER|GEOROC|CITATION_ID|2994,CFB,13,0.9230769230769231,0.8676331084615385,0.3700094911538461,19.0,1995.0,GEOROC
PAPER|GEOROC|CITATION_ID|3008,CFB,38,0.15789473684210525,0.7571391665789474,0.6175404092105263,11.842105263157896,1976.0,GEOROC
PAPER|GEOROC|CITATION_ID|3012,CFB,3,1.0,0.9561531366666666,0.21525426333333333,19.0,1976.0,GEOROC
PAPER|GEOROC|CITATION_ID|3015,OIB,1,1.0,0.957947,0.18414438,10.0,1966.0,GEOROC
PAPER|GEOROC|CITATION_ID|3020,CFB,2,1.0,0.668355425,0.6644948399999999,10.0,1950.0,GEOROC
PAPER|GEOROC|CITATION_ID|3166,OIB,7,0.2857142857142857,0.6343053985714285,0.9206550457142857,10.0,1970.0,GEOROC
PAPER|GEOROC|CITATION_ID|3178,BABB,2,0.0,0.6356261999999999,0.99987078,10.0,1995.0,GEOROC
PAPER|GEOROC|CITATION_ID|318,OIB,1,1.0,0.93051255,0.29472548,11.0,1993.0,GEOROC
PAPER|GEOROC|CITATION_ID|321,OIB,10,1.0,0.966816147,0.1630897744,10.0,1990.0,GEOROC
PAPER|GEOROC|CITATION_ID|3252,IAB,2,1.0,0.67165947,0.7539240199999999,12.0,1978.0,GEOROC
PAPER|GEOROC|CITATION_ID|3348,OIB,160,0.96875,0.8835796084374999,0.388020031475,12.70625,2000.0,GEOROC
PAPER|GEOROC|CITATION_ID|336,OIB,20,1.0,0.9441379255,0.23326501745,17.95,1988.0,GEOROC
PAPER|GEOROC|CITATION_ID|3409,IAB,37,1.0,0.9527753302702703,0.20384919881081082,16.756756756756758,1990.0,GEOROC
PAPER|GEOROC|CITATION_ID|3429,CFB,18,0.9444444444444444,0.9451927122222222,0.21055540655555555,19.0,1995.0,GEOROC
PAPER|GEOROC|CITATION_ID|3432,CFB,3,1.0,0.94960062,0.23792669666666666,18.333333333333332,1985.0,GEOROC
PAPER|GEOROC|CITATION_ID|344,OIB,12,0.9166666666666666,0.8056497033333333,0.5538053591666666,13.75,1984.0,GEOROC
PAPER|GEOROC|CITATION_ID|3494,CFB,1,1.0,0.91242546,0.38311186,12.0,1971.0,GEOROC
PAPER|GEOROC|CITATION_ID|3533,CFB,1,1.0,0.95734257,0.19748054,19.0,1987.0,GEOROC
PAPER|GEOROC|CITATION_ID|3535,CFB,14,1.0,0.7775506978571428,0.5671682607142857,15.785714285714286,1976.0,GEOROC
PAPER|GEOROC|CITATION_ID|3540,IAB,1,1.0,0.987513,0.08111297,10.0,1979.0,GEOROC
PAPER|GEOROC|CITATION_ID|3574,IAB,6,0.6666666666666666,0.7214390133333333,0.6413001816666667,19.0,1995.0,GEOROC
PAPER|GEOROC|CITATION_ID|3584,IOAB,12,0.4166666666666667,0.6685584458333333,0.9836467466666666,10.0,1965.0,GEOROC
PAPER|GEOROC|CITATION_ID|3600,IAB,4,1.0,0.8371525575,0.650542465,10.0,1958.0,GEOROC
PAPER|GEOROC|CITATION_ID|367,OIB,1,1.0,0.9815942,0.10126223,10.0,1969.0,GEOROC
PAPER|GEOROC|CITATION_ID|3907,IAB,23,0.6086956521739131,0.7273122047826087,0.7947708613043478,10.0,1986.0,GEOROC
PAPER|GEOROC|CITATION_ID|3949,CFB,2,1.0,0.677104055,0.873339145,10.0,1974.0,GEOROC
PAPER|GEOROC|CITATION_ID|40,OIB,38,0.9473684210526315,0.8923434794736842,0.30069127799999995,19.0,1991.0,GEOROC
PAPER|GEOROC|CITATION_ID|4016,OIB,1,0.0,0.43822774,1.2930856,19.0,2001.0,GEOROC
PAPER|GEOROC|CITATION_ID|402,OIB,1,1.0,0.9659724,0.16362715,10.0,1960.0,GEOROC
PAPER|GEOROC|CITATION_ID|4099,IAB,5,0.6,0.41422861399999994,1.30524316,10.0,1966.0,GEOROC
PAPER|GEOROC|CITATION_ID|4103,BABB,8,1.0,0.95821029875,0.153625119375,18.875,1994.0,GEOROC
PAPER|GEOROC|CITATION_ID|4164,CFB,28,0.7857142857142857,0.7937798439285714,0.6223797007142856,19.0,1999.0,GEOROC
PAPER|GEOROC|CITATION_ID|4197,IAB,50,0.98,0.832061597,0.5737622745200001,10.0,1988.0,GEOROC
PAPER|GEOROC|CITATION_ID|4240,IOAB,13,0.8461538461538461,0.8359086315384615,0.5226956220769231,10.0,1937.0,GEOROC
PAPER|GEOROC|CITATION_ID|4270,IAB,1,1.0,0.8582942,0.5648141,10.0,1980.0,GEOROC
PAPER|GEOROC|CITATION_ID|43,OIB,14,1.0,0.947013835,0.24538323635714288,13.071428571428571,1987.0,GEOROC
PAPER|GEOROC|CITATION_ID|4304,CFB,6,1.0,0.9282513983333334,0.28336826283333333,19.0,1996.0,GEOROC
PAPER|GEOROC|CITATION_ID|4305,CFB,24,1.0,0.9979620583333334,0.015064545441666667,19.0,1993.0,GEOROC
PAPER|GEOROC|CITATION_ID|4335,IAB,3,1.0,0.5950759,0.7928779166666667,17.333333333333332,1989.0,GEOROC
PAPER|GEOROC|CITATION_ID|4338,IAB,12,0.75,0.7267182933333333,0.7955987124999999,12.0,1974.0,GEOROC
PAPER|GEOROC|CITATION_ID|4532,CFB,12,0.9166666666666666,0.858314515,0.37019763558333335,18.666666666666668,1982.0,GEOROC
PAPER|GEOROC|CITATION_ID|4568,IAB,9,1.0,0.9028885155555556,0.3253886114444444,10.0,2011.0,GEOROC
PAPER|GEOROC|CITATION_ID|4568,IOAB,1,1.0,0.96335167,0.18975177,10.0,2011.0,GEOROC
PAPER|GEOROC|CITATION_ID|4608,CFB,12,1.0,0.9935786391666667,0.04550118808333333,18.916666666666668,1988.0,GEOROC
PAPER|GEOROC|CITATION_ID|4637,IAB,22,0.7272727272727273,0.8178426518181818,0.5828759831818181,11.0,1991.0,GEOROC
PAPER|GEOROC|CITATION_ID|4744,OIB,1,1.0,0.97814083,0.12060326,17.0,2002.0,GEOROC
PAPER|GEOROC|CITATION_ID|4754,CFB,6,1.0,0.9855871516666667,0.07707111166666668,17.0,1987.0,GEOROC
PAPER|GEOROC|CITATION_ID|4796,OIB,44,1.0,0.9381285565909091,0.2547292187954545,17.045454545454547,2000.0,GEOROC
PAPER|GEOROC|CITATION_ID|4808,OIB,1,1.0,0.994396,0.04019369,14.0,2002.0,GEOROC
PAPER|GEOROC|CITATION_ID|4816,OPB,63,0.9365079365079365,0.7265983977777778,0.7520656285714286,19.0,2002.0,GEOROC
PAPER|GEOROC|CITATION_ID|4843,OIB,35,1.0,0.9478798862857143,0.21071220162857143,19.0,2000.0,GEOROC
PAPER|GEOROC|CITATION_ID|5041,OIB,2,1.0,0.8552178,0.47947593,10.0,2002.0,GEOROC
PAPER|GEOROC|CITATION_ID|5042,OIB,7,1.0,0.7786552771428571,0.6617254842857143,10.0,2002.0,GEOROC
PAPER|GEOROC|CITATION_ID|5129,CFB,4,0.5,0.756473995,0.7777053425,16.25,2001.0,GEOROC
PAPER|GEOROC|CITATION_ID|5158,OIB,8,0.875,0.89150206625,0.31455592125,19.0,2002.0,GEOROC
PAPER|GEOROC|CITATION_ID|517,OIB,1,1.0,0.9242626,0.35490897,10.0,1979.0,GEOROC
PAPER|GEOROC|CITATION_ID|5170,OPB,30,0.4,0.65460331,0.9160899023333333,18.4,2002.0,GEOROC
PAPER|GEOROC|CITATION_ID|5177,OIB,43,0.5581395348837209,0.7127795509302325,0.6943717588372094,19.0,2002.0,GEOROC
PAPER|GEOROC|CITATION_ID|528,OIB,25,0.96,0.9202166748,0.27639694556,19.0,1985.0,GEOROC
PAPER|GEOROC|CITATION_ID|53,OIB,1,1.0,0.9598201,0.18772382,10.0,1987.0,GEOROC
PAPER|GEOROC|CITATION_ID|54,OIB,32,1.0,0.99351856125,0.041278110203125,17.03125,1995.0,GEOROC
PAPER|GEOROC|CITATION_ID|5447,IAB,1,1.0,0.95089304,0.25403273,10.0,1969.0,GEOROC
PAPER|GEOROC|CITATION_ID|545,OIB,2,1.0,0.970888735,0.1507072025,10.0,1997.0,GEOROC
PAPER|GEOROC|CITATION_ID|548,OIB,3,1.0,0.9855737666666666,0.08765923800000001,16.0,1981.0,GEOROC
PAPER|GEOROC|CITATION_ID|5486,CFB,16,0.8125,0.70577661625,0.8605421412500001,15.9375,1988.0,GEOROC
PAPER|GEOROC|CITATION_ID|556,OIB,2,0.5,0.71458237,0.526104285,16.0,1992.0,GEOROC
PAPER|GEOROC|CITATION_ID|56,OIB,2,1.0,0.96394485,0.17970382499999998,10.0,1993.0,GEOROC
PAPER|GEOROC|CITATION_ID|5653,OIB,5,1.0,0.935724714,0.21383076880000002,19.0,2002.0,GEOROC
PAPER|GEOROC|CITATION_ID|5941,CFB,34,0.9411764705882353,0.8166976858823529,0.49001117617647055,19.0,2003.0,GEOROC
PAPER|GEOROC|CITATION_ID|6012,CFB,4,0.5,0.7452746450000001,0.71425279,19.0,1999.0,GEOROC
PAPER|GEOROC|CITATION_ID|6076,IAB,5,0.6,0.814395086,0.542692285,10.0,1959.0,GEOROC
PAPER|GEOROC|CITATION_ID|6092,CFB,27,0.2962962962962963,0.6766183718518519,0.6963243385185186,10.74074074074074,1982.0,GEOROC
PAPER|GEOROC|CITATION_ID|6179,OIB,36,0.6944444444444444,0.5940081197222222,1.153148027222222,13.0,2003.0,GEOROC
PAPER|GEOROC|CITATION_ID|6186,OIB,145,1.0,0.8818449685517242,0.4024129900689655,18.117241379310343,2002.0,GEOROC
PAPER|GEOROC|CITATION_ID|6197,OIB,13,1.0,0.9960865553846154,0.028518252999999997,10.0,2003.0,GEOROC
PAPER|GEOROC|CITATION_ID|6205,IAB,22,1.0,0.8464302677272727,0.5671232927272727,10.272727272727273,1989.0,GEOROC
PAPER|GEOROC|CITATION_ID|6218,CAB,1,1.0,0.67182124,0.77190953,17.0,1999.0,GEOROC
PAPER|GEOROC|CITATION_ID|6264,OPB,2,0.0,0.48964583000000006,1.2634641750000002,15.0,1975.0,GEOROC
PAPER|GEOROC|CITATION_ID|627,OIB,8,1.0,0.88291276875,0.426294155,16.875,1995.0,GEOROC
PAPER|GEOROC|CITATION_ID|6277,OPB,8,0.875,0.70580337375,0.82204668875,18.0,2003.0,GEOROC
PAPER|GEOROC|CITATION_ID|6317,IAB,56,0.0,0.8344755771428571,0.4418369774107143,18.678571428571427,2002.0,GEOROC
PAPER|GEOROC|CITATION_ID|6338,BABB,26,0.07692307692307693,0.602800746923077,1.0060159134615385,13.846153846153847,1990.0,GEOROC
PAPER|GEOROC|CITATION_ID|6351,CFB,2,0.0,0.621560825,1.130524525,13.0,1997.0,GEOROC
PAPER|GEOROC|CITATION_ID|6370,OIB,2,1.0,0.671766545,0.69259423,10.0,2000.0,GEOROC
PAPER|GEOROC|CITATION_ID|643,OIB,1,1.0,0.80554396,0.59519637,10.0,1992.0,GEOROC
PAPER|GEOROC|CITATION_ID|6437,IOAB,20,0.8,0.7795444945,0.711673638465,19.0,2003.0,GEOROC
PAPER|GEOROC|CITATION_ID|6467,CFB,3,1.0,0.9931478433333334,0.043485500266666664,19.0,1997.0,GEOROC
PAPER|GEOROC|CITATION_ID|652,OIB,7,0.5714285714285714,0.7435531214285714,0.6971640514285714,19.0,1980.0,GEOROC
PAPER|GEOROC|CITATION_ID|6532,OPB,19,0.6842105263157895,0.729927722631579,0.7257409815789474,19.0,2000.0,GEOROC
PAPER|GEOROC|CITATION_ID|6552,OIB,6,0.5,0.507305475,1.11970746,10.0,2003.0,GEOROC
PAPER|GEOROC|CITATION_ID|661,OIB,25,1.0,0.9388444348,0.24367059604000002,15.4,1987.0,GEOROC
PAPER|GEOROC|CITATION_ID|6705,OIB,1,1.0,0.61669534,1.0254275,10.0,1971.0,GEOROC
PAPER|GEOROC|CITATION_ID|6765,OIB,3,0.6666666666666666,0.68683206,0.7270851666666666,16.333333333333332,1998.0,GEOROC
PAPER|GEOROC|CITATION_ID|6852,IAB,3,0.3333333333333333,0.51835299,1.1646228333333335,10.0,1974.0,GEOROC
PAPER|GEOROC|CITATION_ID|6857,CFB,11,1.0,0.9766138427272728,0.08994373923636363,19.0,2004.0,GEOROC
PAPER|GEOROC|CITATION_ID|6857,OIB,1,1.0,0.92592484,0.3047365,19.0,2004.0,GEOROC
PAPER|GEOROC|CITATION_ID|7060,CFB,14,1.0,0.9427809671428572,0.20693707492857144,18.0,2004.0,GEOROC
PAPER|GEOROC|CITATION_ID|711,OIB,8,0.375,0.5925118075,0.88041661875,15.625,1977.0,GEOROC
PAPER|GEOROC|CITATION_ID|7118,IAB,1,1.0,0.7604067,0.76043236,10.0,1961.0,GEOROC
PAPER|GEOROC|CITATION_ID|715,OIB,51,1.0,0.9876368392156863,0.06574868170588236,15.0,1976.0,GEOROC
PAPER|GEOROC|CITATION_ID|7185,IAB,7,1.0,0.91624558,0.2706463785714286,11.428571428571429,2004.0,GEOROC
PAPER|GEOROC|CITATION_ID|7196,OIB,28,1.0,0.9146334410714285,0.269467604,18.0,2004.0,GEOROC
PAPER|GEOROC|CITATION_ID|725,OIB,1,1.0,0.97863626,0.11747267,18.0,1989.0,GEOROC
PAPER|GEOROC|CITATION_ID|7407,OIB,33,1.0,0.9082593578787879,0.3135697165151515,18.90909090909091,2005.0,GEOROC
PAPER|GEOROC|CITATION_ID|7412,OIB,33,0.9090909090909091,0.8116210866666667,0.4583507781818182,18.0,2005.0,GEOROC
PAPER|GEOROC|CITATION_ID|750,OIB,16,0.9375,0.768363985,0.71672924,13.0625,1977.0,GEOROC
PAPER|GEOROC|CITATION_ID|756,OIB,18,1.0,0.9124262983333333,0.34802556611111113,19.0,1989.0,GEOROC
PAPER|GEOROC|CITATION_ID|764,OIB,17,1.0,0.9588727947058824,0.1538099729411765,16.235294117647058,1993.0,GEOROC
PAPER|GEOROC|CITATION_ID|766,OIB,4,1.0,0.9800424,0.10625595725,15.75,1984.0,GEOROC
PAPER|GEOROC|CITATION_ID|767,OIB,9,0.8888888888888888,0.9259914811111111,0.26899504733333335,18.0,1982.0,GEOROC
PAPER|GEOROC|CITATION_ID|773,OIB,13,1.0,0.9591630007692308,0.15452054123076925,16.0,1983.0,GEOROC
PAPER|GEOROC|CITATION_ID|780,OIB,25,1.0,0.8827741176,0.34820102732,18.88,1986.0,GEOROC
PAPER|GEOROC|CITATION_ID|7825,CFB,16,1.0,0.986009864375,0.07422983293749999,18.0,1999.0,GEOROC
PAPER|GEOROC|CITATION_ID|789,OIB,20,1.0,0.989666415,0.056816025449999995,16.0,1995.0,GEOROC
PAPER|GEOROC|CITATION_ID|7966,OIB,17,1.0,0.97580981,0.11257646394117647,18.0,2005.0,GEOROC
PAPER|GEOROC|CITATION_ID|801,OIB,22,0.45454545454545453,0.6082576645454545,0.9605842868181818,13.636363636363637,1996.0,GEOROC
PAPER|GEOROC|CITATION_ID|8026,CFB,4,0.5,0.63823673,0.8387012175,15.5,1987.0,GEOROC
PAPER|GEOROC|CITATION_ID|8185,OIB,14,0.42857142857142855,0.45142151571428574,1.2877073614285715,18.071428571428573,2005.0,GEOROC
PAPER|GEOROC|CITATION_ID|8243,IAB,5,0.2,0.52187931,1.215292772,10.0,1972.0,GEOROC
PAPER|GEOROC|CITATION_ID|8290,CFB,25,0.68,0.7161183472,0.7413506916,10.0,1976.0,GEOROC
PAPER|GEOROC|CITATION_ID|834,OIB,1,1.0,0.89678085,0.42197704,15.0,1983.0,GEOROC
PAPER|GEOROC|CITATION_ID|8447,IAB,42,0.23809523809523808,0.6058808690476191,1.0276603823809525,10.0,1979.0,GEOROC
PAPER|GEOROC|CITATION_ID|8582,CFB,5,0.4,0.823940998,0.42869613320000005,18.0,1999.0,GEOROC
PAPER|GEOROC|CITATION_ID|8706,IAB,23,0.8695652173913043,0.8474900204347826,0.5000926974347826,18.652173913043477,2006.0,GEOROC
PAPER|GEOROC|CITATION_ID|893,OIB,75,0.9866666666666667,0.8956815541333333,0.3582370223066667,10.0,1979.0,GEOROC
PAPER|GEOROC|CITATION_ID|8969,CAB,3,1.0,0.8608470033333333,0.50839643,19.0,2000.0,GEOROC
PAPER|GEOROC|CITATION_ID|8973,IAB,2,0.0,0.7703922249999999,0.549399395,19.0,1995.0,GEOROC
PAPER|GEOROC|CITATION_ID|8997,CFB,22,0.045454545454545456,0.5997769381818182,0.9591309768181818,16.0,1983.0,GEOROC
PAPER|GEOROC|CITATION_ID|9012,OIB,117,0.9658119658119658,0.9273297054700854,0.21850592268376068,10.0,2006.0,GEOROC
PAPER|GEOROC|CITATION_ID|9013,OIB,34,1.0,0.8764970855882352,0.4228564839705882,19.0,2006.0,GEOROC
PAPER|GEOROC|CITATION_ID|9016,OIB,21,0.9523809523809523,0.9490262061904763,0.19514208642857142,15.0,2006.0,GEOROC
PAPER|GEOROC|CITATION_ID|9051,IOAB,4,0.75,0.90408899,0.34303001899999996,12.75,1978.0,GEOROC
PAPER|GEOROC|CITATION_ID|9080,CFB,19,0.9473684210526315,0.7891248594736842,0.6869123973684211,13.368421052631579,1992.0,GEOROC
PAPER|GEOROC|CITATION_ID|9139,CFB,6,0.5,0.6768347533333333,0.8027143433333332,19.0,1986.0,GEOROC
PAPER|GEOROC|CITATION_ID|916,OIB,4,0.75,0.6643158975,0.788935035,15.75,1995.0,GEOROC
PAPER|GEOROC|CITATION_ID|9336,OPB,3,0.3333333333333333,0.5859228,0.9040803799999999,19.0,1987.0,GEOROC
PAPER|GEOROC|CITATION_ID|9366,IAB,22,0.6363636363636364,0.8278264727272727,0.5360803345454546,19.0,1997.0,GEOROC
PAPER|GEOROC|CITATION_ID|939,OIB,1,1.0,0.92949843,0.32867837,10.0,1991.0,GEOROC
PAPER|GEOROC|CITATION_ID|9393,OIB,53,1.0,0.8911410239622641,0.2907703712264151,19.0,2006.0,GEOROC
PAPER|GEOROC|CITATION_ID|9396,CFB,39,0.7948717948717948,0.801700074871795,0.5364619741794872,18.94871794871795,2006.0,GEOROC
PAPER|GEOROC|CITATION_ID|9630,CFB,15,0.6,0.7373065206666667,0.6609367088666667,17.133333333333333,2006.0,GEOROC
PAPER|GEOROC|CITATION_ID|9645,IAB,3,0.6666666666666666,0.64468177,0.8603274566666667,10.0,1973.0,GEOROC
PAPER|GEOROC|CITATION_ID|9651,OIB,12,0.9166666666666666,0.8353301725,0.4514064441666667,19.0,2006.0,GEOROC
PAPER|GEOROC|CITATION_ID|9688,IAB,41,0.6341463414634146,0.6520243409756098,0.8476167914634147,17.0,1998.0,GEOROC
PAPER|GEOROC|CITATION_ID|9739,CFB,9,1.0,0.9811104088888888,0.10080364344444444,19.0,1987.0,GEOROC
PAPER|GEOROC|CITATION_ID|9808,OIB,5,0.8,0.813040626,0.6082867679999999,19.0,1999.0,GEOROC
PAPER|GEOROC|CITATION_ID|988,OIB,1,0.0,0.63347006,0.87818074,10.0,1983.0,GEOROC
PAPER|GEOROC|CITATION_ID|9935,OIB,5,1.0,0.9306093320000001,0.278170606,19.0,2007.0,GEOROC
PAPER|GEOROC|CITATION_ID|998,MORB,72,0.19444444444444445,0.6971784175,0.8437726277777777,18.944444444444443,1991.0,GEOROC
PAPER|MERGED|011706402e882422,MORB,1,1.0,0.73413306,0.6200206,13.0,1991.0,PetDB
PAPER|MERGED|011706402e882422,OIB,3,0.6666666666666666,0.5518396933333333,0.8952159999999999,11.666666666666666,1991.0,GEOROC
PAPER|PETDB|CITATION_SHA1|02b0d3340b435517,MORB,13,0.5384615384615384,0.6621347038461539,0.7814077092307693,16.153846153846153,2011.0,PetDB
PAPER|PETDB|CITATION_SHA1|035cec3dcc5406d1,MORB,55,1.0,0.942590962,0.14096706146054547,18.145454545454545,2002.0,PetDB
PAPER|PETDB|CITATION_SHA1|042dfdae340604a0,MORB,1,1.0,0.83023137,0.66352385,11.0,1965.0,PetDB
PAPER|PETDB|CITATION_SHA1|0734b0c61ced5f9f,MORB,1,1.0,0.9861654,0.0868144,16.0,2013.0,PetDB
PAPER|PETDB|CITATION_SHA1|0868b733e6d34e17,MORB,13,0.5384615384615384,0.7448748192307691,0.6815724538461538,18.307692307692307,2014.0,PetDB
PAPER|PETDB|CITATION_SHA1|0d4ac449f0c7c1ee,MORB,3,1.0,0.9280707766666666,0.31341529566666665,12.333333333333334,1974.0,PetDB
PAPER|PETDB|CITATION_SHA1|0f0547ec4e7e6dd9,MORB,35,0.0,0.6488912902857142,0.8033765457142857,10.0,2025.0,PetDB
PAPER|PETDB|CITATION_SHA1|19ac94f3905490af,MORB,2,1.0,0.96895312,0.166900655,19.0,1995.0,PetDB
PAPER|PETDB|CITATION_SHA1|1a72f7cf9745ab80,MORB,1,0.0,0.5284577,1.3227222,10.0,1937.0,PetDB
PAPER|PETDB|CITATION_SHA1|1b02433423c35bd7,MORB,28,0.9285714285714286,0.803744379642857,0.5582069054285714,18.535714285714285,1989.0,PetDB
PAPER|PETDB|CITATION_SHA1|2352e3d46cd63189,MORB,1,1.0,0.50748116,1.2457387,13.0,1983.0,PetDB
PAPER|PETDB|CITATION_SHA1|2e2b5f66cfa44f7e,MORB,25,0.84,0.7421515672,0.80135906304,18.0,2025.0,PetDB
PAPER|PETDB|CITATION_SHA1|414e034c448c57c4,MORB,19,1.0,0.953239542631579,0.17450848989473686,15.210526315789474,2009.0,PetDB
PAPER|PETDB|CITATION_SHA1|41eb0e8d2e90a994,MORB,52,1.0,0.9803810326923077,0.05834696025961539,17.326923076923077,1990.0,PetDB
PAPER|PETDB|CITATION_SHA1|4268864b275f73e8,MORB,52,0.9615384615384616,0.9637459653846154,0.11872740363461538,15.288461538461538,1993.0,PetDB
PAPER|PETDB|CITATION_SHA1|434f93331eda8d68,MORB,19,1.0,0.979096935263158,0.09075131784210526,19.0,2013.0,PetDB
PAPER|PETDB|CITATION_SHA1|470547a8f93c8c16,MORB,18,0.7777777777777778,0.8131301861111111,0.44023921833333335,18.77777777777778,1985.0,PetDB
PAPER|PETDB|CITATION_SHA1|4e7c7e0f5ff5b05f,MORB,1,1.0,0.9952661,0.036224183,17.0,1971.0,PetDB
PAPER|PETDB|CITATION_SHA1|4febc7652a9a0ad6,MORB,10,1.0,0.977217405,0.11075722754999999,18.0,2025.0,PetDB
PAPER|PETDB|CITATION_SHA1|51b2bee44c4eb239,MORB,2,1.0,0.99718275,0.023141188,13.0,1999.0,PetDB
PAPER|PETDB|CITATION_SHA1|535d7cfb6abe08e4,MORB,13,0.8461538461538461,0.7878204676923077,0.628150266923077,17.692307692307693,1982.0,PetDB
PAPER|PETDB|CITATION_SHA1|5d39fa0661b49549,MORB,3,1.0,0.9750720199999999,0.127413545,19.0,2000.0,PetDB
PAPER|PETDB|CITATION_SHA1|5f02cfaaa2a7f4c2,MORB,69,1.0,0.9811216862318841,0.07327974413768115,16.869565217391305,1983.0,PetDB
PAPER|PETDB|CITATION_SHA1|5f03c5a704db012e,MORB,8,1.0,0.99290986375,0.04168131775,13.0,2000.0,PetDB
PAPER|PETDB|CITATION_SHA1|62d8f44579c19309,MORB,7,0.8571428571428571,0.7458632942857142,0.7447930657142857,19.0,2016.0,PetDB
PAPER|PETDB|CITATION_SHA1|65acd4c2e0902fc0,MORB,8,0.75,0.816211985,0.47995811,17.0,2019.0,PetDB
PAPER|PETDB|CITATION_SHA1|708838bdbdbaba07,MORB,40,0.975,0.8184082934999999,0.54383980965,12.7,2020.0,PetDB
PAPER|PETDB|CITATION_SHA1|750d702a4da148c3,MORB,2,0.5,0.729776075,0.8901562000000001,10.0,1977.0,PetDB
PAPER|PETDB|CITATION_SHA1|77524eef59aa5d05,MORB,8,1.0,0.99763307625,0.0183298904625,17.375,1995.0,PetDB
PAPER|PETDB|CITATION_SHA1|7c08f63d1fa8c180,MORB,15,0.8,0.888554592,0.2715420491333333,13.066666666666666,1980.0,PetDB
PAPER|PETDB|CITATION_SHA1|7f34e87734cbc7f6,MORB,19,1.0,0.9886086510526316,0.0619034867368421,18.0,2021.0,PetDB
PAPER|PETDB|CITATION_SHA1|82f1ad6aaa8414df,MORB,7,1.0,0.9383971614285714,0.2629613155714286,15.285714285714286,1996.0,PetDB
PAPER|PETDB|CITATION_SHA1|847f57452fb42187,MORB,11,0.6363636363636364,0.83778271,0.4115265061818182,19.0,1986.0,PetDB
PAPER|PETDB|CITATION_SHA1|8b60ad32177cfb29,MORB,1,1.0,0.9977035,0.018699424,18.0,1985.0,PetDB
PAPER|PETDB|CITATION_SHA1|902ccb15cd4c57f6,MORB,1,1.0,0.92744064,0.36088198,10.0,1973.0,PetDB
PAPER|PETDB|CITATION_SHA1|904038910ab834ec,MORB,3,1.0,0.9978384766666667,0.017696291666666666,17.333333333333332,1993.0,PetDB
PAPER|PETDB|CITATION_SHA1|9124a64983ef3831,MORB,1,1.0,0.9988103,0.010360672,15.0,1980.0,PetDB
PAPER|PETDB|CITATION_SHA1|96b4769452af016b,MORB,2,1.0,0.98149285,0.10918172000000001,19.0,2002.0,PetDB
PAPER|PETDB|CITATION_SHA1|9e73d03ab759908b,MORB,3,1.0,0.8046289300000001,0.62675038,15.0,2024.0,PetDB
PAPER|PETDB|CITATION_SHA1|a5ed5507c3551728,MORB,2,0.5,0.7679097500000001,0.8310339849999999,10.0,1984.0,PetDB
PAPER|PETDB|CITATION_SHA1|ae707db6e96459d2,MORB,1,1.0,0.99051684,0.06647002,16.0,1976.0,PetDB
PAPER|PETDB|CITATION_SHA1|b35d9a2b78ee7b6d,MORB,3,0.0,0.7061932299999999,0.7864528333333333,10.0,1980.0,PetDB
PAPER|PETDB|CITATION_SHA1|b3e52765b7e8b539,MORB,9,1.0,0.9346443655555555,0.2595789985555556,16.22222222222222,1999.0,PetDB
PAPER|PETDB|CITATION_SHA1|b5b8c8f8d82ada2b,MORB,20,1.0,0.891293722,0.34798556255,15.55,2008.0,PetDB
PAPER|PETDB|CITATION_SHA1|b8816b5b42eae91b,MORB,14,0.07142857142857142,0.65087388,0.8864141600000001,17.857142857142858,2022.0,PetDB
PAPER|PETDB|CITATION_SHA1|bd762a8bf72b1b90,MORB,1,1.0,0.94363016,0.26914376,19.0,2002.0,PetDB
PAPER|PETDB|CITATION_SHA1|bef3c376df1d500b,MORB,6,0.8333333333333334,0.8692317016666666,0.43926031416666667,14.0,1977.0,PetDB
PAPER|PETDB|CITATION_SHA1|c2183a22732b7e26,MORB,1,1.0,0.92743695,0.36295137,18.0,1977.0,PetDB
PAPER|PETDB|CITATION_SHA1|c83eb0532ce6db0b,MORB,3,1.0,0.93125355,0.3289203,10.333333333333334,1981.0,PetDB
PAPER|PETDB|CITATION_SHA1|c8b851c825237b41,MORB,1,1.0,0.9844803,0.08599447,19.0,1986.0,PetDB
PAPER|PETDB|CITATION_SHA1|cd63c14785d91464,MORB,9,0.2222222222222222,0.5931183433333334,1.04892901,10.0,1970.0,PetDB
PAPER|PETDB|CITATION_SHA1|ce8e12c20939b930,MORB,1,1.0,0.852305,0.5393456,10.0,1998.0,PetDB
PAPER|PETDB|CITATION_SHA1|de21dc27876fac41,MORB,1,1.0,0.8661101,0.45775583,15.0,1974.0,PetDB
PAPER|PETDB|CITATION_SHA1|e702c1aa832c0607,MORB,1,1.0,0.9889727,0.075939335,18.0,2017.0,PetDB
PAPER|PETDB|CITATION_SHA1|e737129319643feb,MORB,8,0.875,0.8616823275000001,0.38878950362500003,18.0,1992.0,PetDB
PAPER|PETDB|CITATION_SHA1|e93280025a898221,MORB,2,1.0,0.98765735,0.0797943065,16.0,1989.0,PetDB
PAPER|PETDB|CITATION_SHA1|ec8774234b413fa8,MORB,27,1.0,0.9439055574074074,0.2048276977777778,19.0,1987.0,PetDB
PAPER|PETDB|CITATION_SHA1|f35094a8125ffadb,MORB,32,0.9375,0.9014931934375,0.30920185762499997,19.0,2000.0,PetDB
PAPER|PETDB|CITATION_SHA1|f54c0d03fc24c740,MORB,7,1.0,0.9217848228571429,0.29379513714285715,11.0,2004.0,PetDB
PAPER|PETDB|CITATION_SHA1|f63826756ee2d027,MORB,26,1.0,0.8545238276923077,0.5565328811538461,10.0,2014.0,PetDB
PAPER|PETDB|CITATION_SHA1|fafc87703ee70c44,MORB,10,1.0,0.950600951,0.242159052,14.9,1990.0,PetDB
