class,feature,all_mean_abs_shap,all_measured_mean_abs_shap,trueclass_mean_abs_shap,trueclass_mean_signed_shap,trueclass_measured_mean_abs_shap,trueclass_measured_mean_signed_shap,trueclass_n,trueclass_measured_n,trueclass_missing_rate,rank_all,rank_all_measured,rank_trueclass,rank_trueclass_measured,rank_shift_missingness,rank_shift_trueclass
CAB,SIO2(WT%),0.25494653,0.25494653,0.27811542,0.17626737,0.27811542,0.17626737,84,84,0.0,13,13,13,13,0,0
CAB,TIO2(WT%),1.2286314,1.2281406,0.6957551,-0.002465393,0.6957551,-0.002465393,84,84,0.0,1,1,3,3,0,2
CAB,AL2O3(WT%),0.6755784,0.6753848,0.4756929,0.050049998,0.4756929,0.050049998,84,84,0.0,4,4,4,4,0,0
CAB,FE_TOTAL(WT%),0.39995483,0.39906546,0.32844242,0.109872065,0.32844242,0.109872065,84,84,0.0,9,8,8,6,-1,-3
CAB,CAO(WT%),0.17888872,0.17786011,0.1440259,0.02635045,0.1440259,0.02635045,84,84,0.0,17,17,17,17,0,0
CAB,MGO(WT%),0.20047659,0.19992721,0.1766493,0.049292486,0.1766493,0.049292486,84,84,0.0,16,16,16,16,0,0
CAB,MNO(WT%),0.3768511,0.36298028,0.29151875,0.041521367,0.29151875,0.041521367,84,84,0.0,10,11,12,12,1,2
CAB,K2O(WT%),0.4003062,0.39664418,0.24653485,0.19831099,0.24653485,0.19831099,84,84,0.0,8,9,14,14,1,6
CAB,NA2O(WT%),0.92270035,0.9219656,0.76239634,0.37647632,0.76239634,0.37647632,84,84,0.0,3,3,2,2,0,-1
CAB,P2O5(WT%),0.4410771,0.4415975,0.32572964,0.2303002,0.32572964,0.2303002,84,84,0.0,6,7,9,8,1,2
CAB,V(PPM),0.23924881,0.22306207,0.34381709,0.08115159,0.32332635,0.25243765,84,62,0.26190476190476186,15,14,7,10,-1,-5
CAB,CR(PPM),0.10206917,0.13018732,0.08139293,-0.038068626,0.08788002,-0.069578744,84,63,0.25,19,19,19,19,0,0
CAB,NI(PPM),0.23943979,0.28982118,0.30057073,-0.13508455,0.31601837,-0.2742242,84,62,0.26190476190476186,14,12,11,11,-2,-3
CAB,RB(PPM),0.40584016,0.505899,0.18523954,-0.045586307,0.19724296,-0.054567073,84,77,0.08333333333333337,7,6,15,15,-1,8
CAB,SR(PPM),0.9682082,1.0911131,1.1934206,1.1595857,1.2834579,1.2834579,84,77,0.08333333333333337,2,2,1,1,0,-1
CAB,Y(PPM),0.5421437,0.6212177,0.4340282,0.123827845,0.461019,0.14755134,84,77,0.08333333333333337,5,5,5,5,0,0
CAB,ZR(PPM),0.13250433,0.1549071,0.13849162,0.049034055,0.14214355,0.044553474,84,77,0.08333333333333337,18,18,18,18,0,0
CAB,NB(PPM),0.34231612,0.38810307,0.31550437,0.13823268,0.32546434,0.1665619,84,77,0.08333333333333337,11,10,10,9,-1,-2
CAB,BA(PPM),0.3317738,0.20235339,0.35282835,0.24435355,0.3257356,0.3257356,84,77,0.08333333333333337,12,15,6,7,3,-5
IAB,SIO2(WT%),0.1781869,0.1781869,0.09418844,0.010579447,0.09418844,0.010579447,641,641,0.0,9,9,14,15,0,6
IAB,TIO2(WT%),0.4973282,0.49714348,0.3266455,0.14415644,0.3266455,0.14415644,641,641,0.0,3,3,3,3,0,0
IAB,AL2O3(WT%),0.78756607,0.7872984,0.49971053,0.13431622,0.49971053,0.13431622,641,641,0.0,2,2,2,2,0,0
IAB,FE_TOTAL(WT%),0.42081884,0.4207974,0.32503226,0.116711475,0.32503226,0.116711475,641,641,0.0,4,4,4,4,0,0
IAB,CAO(WT%),0.84218127,0.8409159,0.68566513,0.28521258,0.68566513,0.28521258,641,641,0.0,1,1,1,1,0,0
IAB,MGO(WT%),0.19683003,0.19660345,0.14598069,0.01318762,0.14598069,0.01318762,641,641,0.0,7,7,10,11,0,4
IAB,MNO(WT%),0.11439126,0.09993844,0.07898394,0.011279415,0.07898394,0.011279415,641,641,0.0,16,19,16,19,3,3
IAB,K2O(WT%),0.15547809,0.15353198,0.23616828,0.098800756,0.23616828,0.098800756,641,641,0.0,11,12,7,8,1,-3
IAB,NA2O(WT%),0.12273526,0.12165127,0.2659316,0.10556305,0.2659316,0.10556305,641,641,0.0,13,16,5,7,3,-6
IAB,P2O5(WT%),0.18023312,0.17628379,0.17414035,0.007005812,0.17414035,0.007005812,641,641,0.0,8,11,9,9,3,1
IAB,V(PPM),0.2813556,0.31739354,0.25527135,-0.015605033,0.29725382,-0.2913284,641,295,0.5397815912636506,5,5,6,5,0,0
IAB,CR(PPM),0.1136129,0.13199273,0.09609839,-0.038822137,0.14501527,-0.017915739,641,282,0.5600624024960998,17,14,13,12,-3,-5
IAB,NI(PPM),0.11320147,0.1324954,0.07806386,0.017281158,0.087198675,-0.0012427873,641,344,0.4633385335413417,18,13,17,18,-5,0
IAB,RB(PPM),0.09823687,0.11312215,0.065891966,-0.027299069,0.095341034,-0.042022407,641,388,0.39469578783151327,19,17,19,13,-2,-6
IAB,SR(PPM),0.25861052,0.2982013,0.1935263,0.040966503,0.27685484,0.07896791,641,411,0.358814352574103,6,6,8,6,0,0
IAB,Y(PPM),0.15075155,0.17716484,0.07017585,-0.0073793726,0.09461992,0.009266545,641,377,0.4118564742589703,12,10,18,14,-2,2
IAB,ZR(PPM),0.17662962,0.19284345,0.10344569,0.031628393,0.09172658,-0.030706622,641,376,0.4134165366614665,10,8,12,16,-2,6
IAB,NB(PPM),0.11613876,0.13033786,0.111096255,0.033130758,0.15167278,0.09938269,641,368,0.42589703588143524,15,15,11,10,0,-5
IAB,BA(PPM),0.11645895,0.10483709,0.0883586,0.0018718529,0.09135558,0.040568043,641,320,0.500780031201248,14,18,15,17,4,3
IOAB,SIO2(WT%),0.2624228,0.2624228,0.18517591,-0.107451245,0.18517591,-0.107451245,125,125,0.0,15,16,17,17,1,2
IOAB,TIO2(WT%),2.5400705,2.5397105,1.3814526,0.85601664,1.3814526,0.85601664,125,125,0.0,1,1,1,2,0,1
IOAB,AL2O3(WT%),0.6261454,0.625946,0.3869537,-0.08433289,0.3869537,-0.08433289,125,125,0.0,4,3,9,9,-1,5
IOAB,FE_TOTAL(WT%),0.48548013,0.485121,0.6517677,0.016093448,0.6517677,0.016093448,125,125,0.0,7,7,4,6,0,-1
IOAB,CAO(WT%),0.334715,0.3345316,0.56471395,0.28725898,0.56471395,0.28725898,125,125,0.0,9,10,6,7,1,-2
IOAB,MGO(WT%),0.5577485,0.5573723,0.52895725,0.06839336,0.52895725,0.06839336,125,125,0.0,5,5,7,8,0,3
IOAB,MNO(WT%),0.53317374,0.5223653,0.6630985,0.17116606,0.6630985,0.17116606,125,125,0.0,6,6,3,5,0,-1
IOAB,K2O(WT%),0.27538887,0.2714375,0.21086422,0.0132040065,0.21086422,0.0132040065,125,125,0.0,14,14,16,16,0,2
IOAB,NA2O(WT%),0.29370713,0.2929377,0.28252137,0.15040968,0.28252137,0.15040968,125,125,0.0,11,12,12,13,1,2
IOAB,P2O5(WT%),0.6274147,0.6159776,0.26116446,-0.054051664,0.26116446,-0.054051664,125,125,0.0,3,4,13,14,1,11
IOAB,V(PPM),0.30067313,0.3752147,0.47440004,0.21844909,0.6702889,0.35884348,125,81,0.352,10,8,8,4,-2,-6
IOAB,CR(PPM),0.21711119,0.21266846,0.31431323,0.052366626,0.35878885,0.18044624,125,85,0.31999999999999995,17,17,10,11,0,-6
IOAB,NI(PPM),0.2559804,0.26701495,0.31383884,0.08863553,0.37641612,0.17042403,125,92,0.264,16,15,11,10,-1,-6
IOAB,RB(PPM),0.27929947,0.28317332,0.25075808,-0.18910791,0.21286033,-0.11277891,125,77,0.384,13,13,14,15,0,2
IOAB,SR(PPM),0.17541753,0.18387595,0.147031,-0.13893877,0.17745233,-0.16608687,125,89,0.28800000000000003,18,18,18,18,0,0
IOAB,Y(PPM),0.07191355,0.06358323,0.048977222,-0.00812183,0.04878594,0.008595232,125,89,0.28800000000000003,19,19,19,19,0,0
IOAB,ZR(PPM),0.28845057,0.33568966,0.21991709,0.1628827,0.29813144,0.22515585,125,89,0.28800000000000003,12,9,15,12,-3,0
IOAB,NB(PPM),1.9268475,2.4814422,1.1264813,0.1188761,1.4146862,-0.24255903,125,76,0.392,2,2,2,1,0,-1
IOAB,BA(PPM),0.36872965,0.31422326,0.58527225,0.35944617,0.6774018,0.6494499,125,89,0.28800000000000003,8,11,5,3,3,-5
BABB,SIO2(WT%),0.8064907,0.8064907,0.6045786,-0.0837265,0.6045786,-0.0837265,113,113,0.0,2,3,2,3,1,1
BABB,TIO2(WT%),0.9684444,0.96729666,0.21809013,-0.00430164,0.21809013,-0.00430164,113,113,0.0,1,1,13,11,0,10
BABB,AL2O3(WT%),0.54681176,0.54592663,0.44105506,0.05469995,0.44105506,0.05469995,113,113,0.0,6,7,6,6,1,0
BABB,FE_TOTAL(WT%),0.610713,0.6100503,0.4463036,0.16189246,0.4463036,0.16189246,113,113,0.0,5,6,5,5,1,0
BABB,CAO(WT%),0.46466878,0.46357664,0.42336175,0.0963436,0.42336175,0.0963436,113,113,0.0,8,8,7,7,0,-1
BABB,MGO(WT%),0.40762305,0.4066194,0.401445,-0.1553146,0.401445,-0.1553146,113,113,0.0,10,11,8,8,1,-2
BABB,MNO(WT%),0.15888108,0.15644515,0.26853314,0.11752887,0.14641002,-0.07699857,113,76,0.327433628318584,17,16,11,17,-1,0
BABB,K2O(WT%),0.72019804,0.7176442,0.35188526,0.026542507,0.35188526,0.026542507,113,113,0.0,3,4,9,9,1,6
BABB,NA2O(WT%),0.37516326,0.37193105,0.5447592,0.18837883,0.5447592,0.18837883,113,113,0.0,12,13,3,4,1,-8
BABB,P2O5(WT%),0.4327235,0.4149957,0.26658818,-0.05221972,0.2005126,0.02172258,113,109,0.03539823008849563,9,10,12,13,1,4
BABB,V(PPM),0.105137736,0.13692223,0.11169244,-0.06627716,0.18116772,-0.17287897,113,55,0.5132743362831859,18,18,18,14,0,-4
BABB,CR(PPM),0.18859035,0.24907492,0.1349792,-0.06966782,0.17965476,-0.1597611,113,67,0.4070796460176991,15,15,16,15,0,0
BABB,NI(PPM),0.17945209,0.15142453,0.16156884,-0.091447525,0.13679533,-0.047764897,113,89,0.21238938053097345,16,17,15,18,1,2
BABB,RB(PPM),0.2756164,0.25837663,0.33320394,-0.039870895,0.2405844,0.21978551,113,72,0.36283185840707965,14,14,10,10,0,-4
BABB,SR(PPM),0.39777035,0.44957644,0.20634227,0.0023234803,0.21100497,0.009361641,113,107,0.053097345132743334,11,9,14,12,-2,1
BABB,Y(PPM),0.084180824,0.09627694,0.07477568,-0.046875767,0.110818796,-0.08102261,113,61,0.4601769911504425,19,19,19,19,0,0
BABB,ZR(PPM),0.32429335,0.39424613,0.11176101,-0.05265906,0.14794648,-0.10938868,113,70,0.38053097345132747,13,12,17,16,-1,3
BABB,NB(PPM),0.52820057,0.6868653,0.52215344,0.47240853,1.3172475,1.2742106,113,42,0.6283185840707964,7,5,4,1,-2,-6
BABB,BA(PPM),0.69345737,0.85444105,0.63181645,0.1541646,0.8990737,0.3385679,113,71,0.37168141592920356,4,2,1,2,-2,-2
MORB,SIO2(WT%),0.23922846,0.23922846,0.25439054,0.109149344,0.25439054,0.109149344,908,908,0.0,10,10,10,11,0,1
MORB,TIO2(WT%),0.39452344,0.39371938,0.38678914,0.095851526,0.37942538,0.08655247,908,902,0.0066079295154185536,8,8,5,6,0,-2
MORB,AL2O3(WT%),0.122758076,0.122459345,0.11115339,0.013090106,0.109215476,0.010718282,908,904,0.004405286343612369,18,18,17,17,0,-1
MORB,FE_TOTAL(WT%),0.465349,0.46486682,0.43366495,0.19191201,0.4300013,0.18664028,908,902,0.0066079295154185536,3,4,4,4,1,1
MORB,CAO(WT%),0.4178465,0.41736913,0.35245094,0.231435,0.3466845,0.22404777,908,896,0.013215859030836996,6,6,7,7,0,1
MORB,MGO(WT%),0.4529731,0.45250413,0.44629785,0.24799031,0.4411449,0.24062902,908,898,0.011013215859030812,4,5,3,3,1,-1
MORB,MNO(WT%),0.13797449,0.13527118,0.10082949,-0.01922611,0.09076651,-0.03282815,908,882,0.028634361233480177,17,16,18,18,-1,1
MORB,K2O(WT%),0.3981392,0.39632842,0.34383824,0.19811222,0.33425117,0.18607731,908,893,0.016519823788546217,7,7,8,8,0,1
MORB,NA2O(WT%),0.21328828,0.21244368,0.21527012,0.10772218,0.2071271,0.09777262,908,893,0.016519823788546217,12,11,13,14,-1,2
MORB,P2O5(WT%),0.14251223,0.12857293,0.0945666,0.004027325,0.07505038,-0.018369688,908,880,0.03083700440528636,16,17,19,19,1,3
MORB,V(PPM),0.1217148,0.11352964,0.20718783,0.07163749,0.2429703,0.1984575,908,573,0.3689427312775331,19,19,14,12,0,-7
MORB,CR(PPM),0.16286416,0.17407675,0.190561,0.08269181,0.22931741,0.18465078,908,597,0.3425110132158591,14,14,15,13,0,-1
MORB,NI(PPM),0.2307063,0.19901676,0.28218365,0.08716106,0.17605005,-0.15248524,908,539,0.4063876651982379,11,12,9,15,1,4
MORB,RB(PPM),0.143988,0.17043245,0.12580466,0.019905366,0.14656064,-0.003258506,908,637,0.2984581497797357,15,15,16,16,0,1
MORB,SR(PPM),0.6527755,0.7740302,0.64495754,0.4949033,0.7888568,0.6177266,908,719,0.20814977973568283,1,1,1,1,0,0
MORB,Y(PPM),0.43563315,0.5376392,0.49794567,0.1508231,0.6202446,0.20038742,908,709,0.21916299559471364,5,3,2,2,-2,-3
MORB,ZR(PPM),0.17210573,0.19107336,0.25227386,0.14074762,0.29463407,0.2066528,908,711,0.21696035242290745,13,13,11,10,0,-3
MORB,NB(PPM),0.32744756,0.3929889,0.24926405,-0.12578514,0.30174997,-0.13689674,908,665,0.26762114537444937,9,9,12,9,0,0
MORB,BA(PPM),0.5215982,0.6099103,0.38617626,0.2705823,0.42246667,0.21945061,908,517,0.4306167400881057,2,2,6,5,0,3
OIB,SIO2(WT%),0.2010036,0.2010036,0.18186069,0.12281536,0.18186069,0.12281536,2943,2943,0.0,9,9,11,10,0,1
OIB,TIO2(WT%),1.2098417,1.2093081,1.3362396,1.1554227,1.3359762,1.1573803,2943,2941,0.0006795786612300292,1,1,1,1,0,0
OIB,AL2O3(WT%),0.12589078,0.12577239,0.1574279,0.10800732,0.15736392,0.10790973,2943,2941,0.0006795786612300292,16,16,13,12,0,-4
OIB,FE_TOTAL(WT%),0.18685524,0.186482,0.18642974,0.14238127,0.18613198,0.1429026,2943,2941,0.0006795786612300292,10,10,9,9,0,-1
OIB,CAO(WT%),0.33393434,0.3333286,0.31917313,0.12526618,0.31917313,0.12526618,2943,2943,0.0,5,5,4,7,0,2
OIB,MGO(WT%),0.33757165,0.337238,0.36124626,0.19388296,0.36124626,0.19388296,2943,2943,0.0,4,4,3,4,0,0
OIB,MNO(WT%),0.06321745,0.059355546,0.074908316,0.028737454,0.07426764,0.029802471,2943,2931,0.004077471967380175,19,19,19,19,0,0
OIB,K2O(WT%),0.15710887,0.15348704,0.15504313,0.05478576,0.15433085,0.055640742,2943,2941,0.0006795786612300292,12,12,14,14,0,2
OIB,NA2O(WT%),0.14048833,0.13964665,0.15968391,0.07638701,0.15937711,0.07685436,2943,2941,0.0006795786612300292,13,14,12,11,1,-2
OIB,P2O5(WT%),0.14028977,0.14158049,0.15136662,0.11422333,0.15515506,0.117653,2943,2846,0.032959565069656804,14,13,16,13,-1,-1
OIB,V(PPM),0.23806672,0.31849697,0.19779965,0.08544728,0.32592577,0.10927254,2943,1500,0.490316004077472,7,6,8,6,-1,-1
OIB,CR(PPM),0.1374616,0.11645099,0.152173,0.047121536,0.10213562,-0.07782157,2943,1718,0.41624193000339793,15,17,15,17,2,2
OIB,NI(PPM),0.23459266,0.2580503,0.26441193,0.11711535,0.34841335,0.28991896,2943,1759,0.40231056744818217,8,8,6,5,0,-3
OIB,RB(PPM),0.07883587,0.069247924,0.095744364,0.019974858,0.08917232,0.08271481,2943,1968,0.33129459734964317,18,18,18,18,0,0
OIB,SR(PPM),0.27065355,0.30499214,0.22664936,0.07824068,0.28884447,0.14520057,2943,2066,0.2979952429493714,6,7,7,8,1,2
OIB,Y(PPM),0.18667693,0.17387365,0.18306243,0.047310248,0.13835959,-0.0737629,2943,1883,0.3601766904519198,11,11,10,15,0,4
OIB,ZR(PPM),0.11733358,0.1270522,0.11019656,0.019489735,0.12519883,-0.008879613,2943,1991,0.3234794427454978,17,15,17,16,-2,-1
OIB,NB(PPM),0.7221615,0.85699046,0.3987378,0.22340186,0.4048722,0.10590719,2943,1726,0.4135236153584777,2,2,2,3,0,1
OIB,BA(PPM),0.44098836,0.5510245,0.31900576,0.13756794,0.43083224,0.17997855,2943,2040,0.3068297655453619,3,3,5,2,0,-1
OPB,SIO2(WT%),0.33626664,0.33626664,0.19907904,0.011009242,0.19907904,0.011009242,518,518,0.0,4,4,14,12,0,8
OPB,TIO2(WT%),0.3188562,0.3179918,0.28765643,0.11686129,0.28765643,0.11686129,518,518,0.0,5,5,6,6,0,1
OPB,AL2O3(WT%),0.24051882,0.23912588,0.2590924,0.062047355,0.2590924,0.062047355,518,518,0.0,11,12,9,9,1,-2
OPB,FE_TOTAL(WT%),0.1231093,0.12248172,0.12826228,-0.07750609,0.12826228,-0.07750609,518,518,0.0,18,17,16,15,-1,-3
OPB,CAO(WT%),0.20311569,0.20243748,0.2311717,-0.13536741,0.2311717,-0.13536741,518,518,0.0,13,13,10,10,0,-3
OPB,MGO(WT%),0.28733748,0.28590474,0.27381986,-0.020103676,0.27381986,-0.020103676,518,518,0.0,9,9,7,7,0,-2
OPB,MNO(WT%),0.19690628,0.19832556,0.2231491,-0.03201175,0.2231491,-0.03201175,518,518,0.0,14,14,11,11,0,-3
OPB,K2O(WT%),0.30041555,0.29898757,0.33514023,-0.09253659,0.33514023,-0.09253659,518,518,0.0,8,7,4,4,-1,-4
OPB,NA2O(WT%),0.1306384,0.12948656,0.08429042,-0.028720286,0.08429042,-0.028720286,518,518,0.0,17,16,19,19,-1,2
OPB,P2O5(WT%),0.90475136,0.90002584,0.46012804,0.2607057,0.45539516,0.26963764,518,515,0.00579150579150578,1,1,2,3,0,2
OPB,V(PPM),0.35868213,0.3592884,0.49372908,0.31799212,0.5396029,0.41819122,518,439,0.15250965250965254,3,3,1,1,0,-2
OPB,CR(PPM),0.1729225,0.11125115,0.20401958,-0.07854879,0.11558207,0.07445849,518,342,0.33976833976833976,15,19,13,16,4,1
OPB,NI(PPM),0.16518793,0.18916692,0.1369312,-0.062251277,0.13314153,-0.018103123,518,336,0.3513513513513513,16,15,15,14,-1,-2
OPB,RB(PPM),0.21647388,0.26666427,0.10305795,0.03237941,0.10580561,0.02524412,518,446,0.13899613899613905,12,11,17,17,-1,5
OPB,SR(PPM),0.30560422,0.3082372,0.2633793,0.06663164,0.26848823,0.09756248,518,467,0.09845559845559848,6,6,8,8,0,2
OPB,Y(PPM),0.10800414,0.12153344,0.08835384,-0.042721268,0.09248502,-0.041833356,518,464,0.10424710424710426,19,18,18,18,-1,-1
OPB,ZR(PPM),0.30087164,0.29490113,0.32410952,0.05227098,0.32349718,0.093987,518,467,0.09845559845559848,7,8,5,5,1,-2
OPB,NB(PPM),0.3703816,0.4374549,0.41545016,0.16657548,0.4973042,0.19656198,518,411,0.2065637065637066,2,2,3,2,0,0
OPB,BA(PPM),0.2699515,0.28509313,0.21334758,0.0866263,0.14850712,-0.01120488,518,411,0.2065637065637066,10,10,12,13,0,3
CFB,SIO2(WT%),0.2342948,0.2342948,0.2174849,0.08960037,0.2174849,0.08960037,4754,4754,0.0,7,7,9,10,0,3
CFB,TIO2(WT%),0.20438342,0.20377894,0.19204451,0.08020319,0.19204451,0.08020319,4754,4754,0.0,9,11,11,11,2,2
CFB,AL2O3(WT%),0.33928028,0.3388647,0.38291997,0.30356663,0.3827224,0.30390865,4754,4753,0.00021034917963824729,3,4,4,4,1,1
CFB,FE_TOTAL(WT%),0.5177706,0.51674956,0.54353553,0.34056047,0.54334205,0.34093988,4754,4753,0.00021034917963824729,1,2,2,2,1,1
CFB,CAO(WT%),0.15721644,0.15649077,0.13021447,0.07662415,0.13007838,0.07680376,4754,4753,0.00021034917963824729,12,12,15,15,0,3
CFB,MGO(WT%),0.21138139,0.21090232,0.25645146,0.17503878,0.25635767,0.17522332,4754,4753,0.00021034917963824729,8,9,8,8,1,0
CFB,MNO(WT%),0.07280314,0.07289242,0.082739316,0.03120082,0.0829181,0.03170565,4754,4725,0.006100126209507728,17,18,17,18,1,1
CFB,K2O(WT%),0.14463267,0.14436354,0.14449179,0.12189092,0.14432745,0.123124175,4754,4735,0.00399663441312581,13,14,12,12,1,-1
CFB,NA2O(WT%),0.32720968,0.32690603,0.3463284,0.12733865,0.3463284,0.12733865,4754,4754,0.0,5,5,6,6,0,1
CFB,P2O5(WT%),0.12663911,0.12160947,0.13686638,0.079479955,0.13646209,0.08102798,4754,4729,0.005258729490954961,15,15,14,14,0,-1
CFB,V(PPM),0.048792813,0.048344947,0.04348954,0.019149417,0.04346533,0.022394378,4754,3957,0.1676482961716449,19,19,19,19,0,0
CFB,CR(PPM),0.06728587,0.07938426,0.07732926,0.024946082,0.084244825,0.023631454,4754,4068,0.14429953723180478,18,17,18,17,-1,-1
CFB,NI(PPM),0.17878366,0.2108431,0.20829509,0.06348688,0.218519,0.07162348,4754,4447,0.06457719814892726,11,10,10,9,-1,-2
CFB,RB(PPM),0.1907285,0.21143043,0.26579112,0.20141478,0.28212035,0.21001534,4754,4243,0.10748843079511994,10,8,7,7,-2,-3
CFB,SR(PPM),0.14212945,0.15456197,0.13840361,0.09320315,0.1437921,0.09415942,4754,4307,0.09402608329827511,14,13,13,13,-1,-1
CFB,Y(PPM),0.100861035,0.09387093,0.09362581,0.02719462,0.09112828,0.04493873,4754,4221,0.11211611274716027,16,16,16,16,0,0
CFB,ZR(PPM),0.33015424,0.313088,0.37609988,0.2147629,0.36939037,0.2811334,4754,4318,0.09171224232225494,4,6,5,5,2,1
CFB,NB(PPM),0.3196138,0.36416367,0.39201954,0.30923784,0.42929593,0.38427016,4754,4087,0.14030290281867897,6,3,3,3,-3,-3
CFB,BA(PPM),0.5156111,0.60954785,0.6216235,0.43671128,0.6714899,0.49383324,4754,4300,0.09549852755574251,2,1,1,1,-1,-1
