class,feature,mean_abs_shap,spearman_rho,spearman_p,q25,q75,low_q_mean_shap,high_q_mean_shap,delta_high_minus_low,direction,n_measured,n_missing,missing_rate,missing_mean_shap,class_rank
BABB,TIO2(WT%),0.9684444,-0.8842946244299241,0.0,1.31,2.7279225,0.07478275,-1.6749144,-1.7496971,LOWER_VALUE_MORE_POSITIVE,10078,8,0.000793178663493952,-2.414219617843628,1
BABB,SIO2(WT%),0.8064907,0.9586120584930891,0.0,48.14,51.56,-1.6435138,0.6300992,2.273613,HIGHER_VALUE_MORE_POSITIVE,10086,0,0.0,,2
BABB,K2O(WT%),0.72019804,-0.8924761052060938,0.0,0.31,1.11575,0.07002268,-1.3536508,-1.4236735,LOWER_VALUE_MORE_POSITIVE,10050,36,0.003569303985722784,-1.4331358671188354,3
BABB,BA(PPM),0.69345737,-0.7073984674423218,0.0,81.0,394.0,0.54215854,-0.9978314,-1.53999,LOWER_VALUE_MORE_POSITIVE,7825,2261,0.2241721197699782,-0.11284077912569046,4
BABB,FE_TOTAL(WT%),0.610713,-0.7851994212912485,0.0,10.10946,12.50722,-0.05070013,-0.7909498,-0.7402497,LOWER_VALUE_MORE_POSITIVE,10077,9,0.000892325996430696,-1.3527443408966064,5
BABB,AL2O3(WT%),0.54681176,0.7567157488118603,0.0,13.45,15.34,-0.84500974,0.11518789,0.9601976,HIGHER_VALUE_MORE_POSITIVE,10079,7,0.000694031330557208,-1.821270227432251,6
BABB,NB(PPM),0.52820057,0.10218343946447347,9.346980141279133e-19,6.0,21.81,-0.2131504,-0.42525783,-0.21210743,LOWER_VALUE_MORE_POSITIVE,7452,2634,0.2611540749553837,-0.06856512278318405,7
BABB,CAO(WT%),0.46466878,0.9176666597082904,0.0,8.91,11.1,-0.8189546,0.20805532,1.02701,HIGHER_VALUE_MORE_POSITIVE,10073,13,0.001288915328177672,-1.3108996152877808,8
BABB,P2O5(WT%),0.4327235,-0.7094998501777179,0.0,0.15,0.41,-0.10064686,-0.8365359,-0.735889,LOWER_VALUE_MORE_POSITIVE,9929,157,0.015566131271068808,-1.5538663864135742,9
BABB,MGO(WT%),0.40762305,-0.9153086889186776,0.0,5.2816094666395745,8.05,0.3768108,-0.7230132,-1.099824,LOWER_VALUE_MORE_POSITIVE,10075,11,0.001090620662304184,-1.3268723487854004,10
BABB,SR(PPM),0.39777035,-0.8470473614350248,0.0,179.95630649999998,390.0,-0.051696494,-0.78023964,-0.72854316,LOWER_VALUE_MORE_POSITIVE,8243,1843,0.1827285346024192,-0.16606247425079346,11
BABB,NA2O(WT%),0.37516326,0.768330766005765,0.0,2.23,3.0,-0.6873108,0.2746439,0.9619547,HIGHER_VALUE_MORE_POSITIVE,10069,17,0.0016855046599246481,-2.2895867824554443,12
BABB,ZR(PPM),0.32429335,-0.6853408656764813,0.0,98.728685,194.0,-0.056824513,-0.51218116,-0.45535666,LOWER_VALUE_MORE_POSITIVE,8099,1987,0.19700575054531033,-0.0050994837656617165,13
BABB,RB(PPM),0.2756164,-0.8485366885345867,0.0,5.25,28.0,0.11245791,-0.49251857,-0.6049765,LOWER_VALUE_MORE_POSITIVE,7908,2178,0.21594289113622844,-0.3382115960121155,14
BABB,CR(PPM),0.18859035,-0.7185648690203159,0.0,75.0,303.43,0.039046712,-0.34519976,-0.38424647,LOWER_VALUE_MORE_POSITIVE,7222,2864,0.2839579615308348,0.00947992317378521,15
BABB,NI(PPM),0.17945209,-0.43039386582884165,0.0,44.0,124.1,0.1729151,-0.052330848,-0.22524595,LOWER_VALUE_MORE_POSITIVE,7668,2418,0.23973825104104698,-0.26833367347717285,16
BABB,MNO(WT%),0.15888108,0.8377146180556121,0.0,0.16796267926630276,0.2,-0.2952768,0.09729762,0.3925744,HIGHER_VALUE_MORE_POSITIVE,9982,104,0.010311322625421376,0.39187195897102356,17
BABB,V(PPM),0.105137736,0.19556694293598875,5.62107755274798e-61,250.0,353.0,-0.090105794,-0.025925929,0.06417987,HIGHER_VALUE_MORE_POSITIVE,6962,3124,0.30973626809438826,-0.015634573996067047,18
BABB,Y(PPM),0.084180824,0.8179448808842825,0.0,23.4,36.0,-0.18541452,0.058727745,0.24414226,HIGHER_VALUE_MORE_POSITIVE,7881,2205,0.21861986912552053,-0.03548760339617729,19
CAB,TIO2(WT%),1.2286314,-0.950225790187192,0.0,1.31,2.7279225,0.40502748,-2.4796917,-2.8847191,LOWER_VALUE_MORE_POSITIVE,10078,8,0.000793178663493952,-1.8468680381774902,1
CAB,SR(PPM),0.9682082,0.8996137837635184,0.0,179.95630649999998,390.0,-1.7050405,0.49578893,2.2008295,HIGHER_VALUE_MORE_POSITIVE,8243,1843,0.1827285346024192,-0.4180821478366852,2
CAB,NA2O(WT%),0.92270035,0.7595932853250168,0.0,2.23,3.0,-1.205142,0.27005845,1.4752004,HIGHER_VALUE_MORE_POSITIVE,10069,17,0.0016855046599246481,-1.3579185009002686,3
CAB,AL2O3(WT%),0.6755784,0.41457408246839605,0.0,13.45,15.34,-0.73831767,-0.2670543,0.47126338,HIGHER_VALUE_MORE_POSITIVE,10079,7,0.000694031330557208,-0.9543347358703613,4
CAB,Y(PPM),0.5421437,-0.7435282188380066,0.0,23.4,36.0,0.15242456,-0.7404157,-0.89284027,LOWER_VALUE_MORE_POSITIVE,7881,2205,0.21861986912552053,-0.2595211863517761,5
CAB,P2O5(WT%),0.4410771,0.9053463348004723,0.0,0.15,0.41,-0.8769697,0.18425117,1.0612209,HIGHER_VALUE_MORE_POSITIVE,9929,157,0.015566131271068808,-0.40816637873649597,6
CAB,RB(PPM),0.40584016,0.6878214389238311,0.0,5.25,28.0,-1.0693387,-0.17367053,0.89566815,HIGHER_VALUE_MORE_POSITIVE,7908,2178,0.21594289113622844,-0.02696932852268219,7
CAB,K2O(WT%),0.4003062,0.8272372615963373,0.0,0.31,1.11575,-1.0536999,0.038211636,1.0919114,HIGHER_VALUE_MORE_POSITIVE,10050,36,0.003569303985722784,-1.4226233959197998,8
CAB,FE_TOTAL(WT%),0.39995483,-0.6235788147792576,0.0,10.10946,12.50722,-0.053237498,-0.61681914,-0.56358165,LOWER_VALUE_MORE_POSITIVE,10077,9,0.000892325996430696,-1.3957645893096924,9
CAB,MNO(WT%),0.3768511,-0.7691616020208716,0.0,0.16796267926630276,0.2,0.025329102,-0.6819199,-0.707249,LOWER_VALUE_MORE_POSITIVE,9982,104,0.010311322625421376,-1.708184003829956,10
CAB,NB(PPM),0.34231612,-0.8451939400486662,0.0,6.0,21.81,0.34365803,-0.69905233,-1.0427103,LOWER_VALUE_MORE_POSITIVE,7452,2634,0.2611540749553837,-0.2056281417608261,11
CAB,BA(PPM),0.3317738,0.659024400166413,0.0,81.0,394.0,-0.19586344,0.18650004,0.3823635,HIGHER_VALUE_MORE_POSITIVE,7825,2261,0.2241721197699782,-0.7796794176101685,12
CAB,SIO2(WT%),0.25494653,-0.6532129142629952,0.0,48.14,51.56,0.10501902,-0.52985305,-0.6348721,LOWER_VALUE_MORE_POSITIVE,10086,0,0.0,,13
CAB,NI(PPM),0.23943979,-0.2966203273763232,1.5030417479672961e-155,44.0,124.1,-0.004688892,-0.20129244,-0.19660355,LOWER_VALUE_MORE_POSITIVE,7668,2418,0.23973825104104698,0.06668552756309509,14
CAB,V(PPM),0.23924881,-0.7805885901608808,0.0,250.0,353.0,0.21048366,-0.25128374,-0.46176738,LOWER_VALUE_MORE_POSITIVE,6962,3124,0.30973626809438826,-0.2753218412399292,15
CAB,MGO(WT%),0.20047659,0.4393703678200101,0.0,5.2816094666395745,8.05,-0.1831817,0.07017784,0.25335956,HIGHER_VALUE_MORE_POSITIVE,10075,11,0.001090620662304184,-0.7036404609680176,16
CAB,CAO(WT%),0.17888872,-0.1767850457035665,1.6370042442943668e-71,8.91,11.1,-0.20241007,-0.2058528,-0.0034427345,LOWER_VALUE_MORE_POSITIVE,10073,13,0.001288915328177672,-0.9759097695350647,17
CAB,ZR(PPM),0.13250433,0.7205091836309988,0.0,98.728685,194.0,-0.3235557,-0.012172537,0.31138316,HIGHER_VALUE_MORE_POSITIVE,8099,1987,0.19700575054531033,0.008627447299659252,18
CAB,CR(PPM),0.10206917,0.2613401511152093,4.401176881349682e-113,75.0,303.43,-0.10712051,-0.06991823,0.037202276,HIGHER_VALUE_MORE_POSITIVE,7222,2864,0.2839579615308348,-0.004638354759663343,19
CFB,FE_TOTAL(WT%),0.5177706,0.9684986373475319,0.0,10.10946,12.50722,-0.74749905,0.85241765,1.5999167,HIGHER_VALUE_MORE_POSITIVE,10077,9,0.000892325996430696,-1.6610493659973145,1
CFB,BA(PPM),0.5156111,0.9351514481031773,0.0,81.0,394.0,-0.7965756,1.0742356,1.8708112,HIGHER_VALUE_MORE_POSITIVE,7825,2261,0.2241721197699782,-0.1417035460472107,2
CFB,AL2O3(WT%),0.33928028,-0.8620866255007172,0.0,13.45,15.34,0.49598938,-0.396895,-0.8928844,LOWER_VALUE_MORE_POSITIVE,10079,7,0.000694031330557208,-0.9376683831214905,3
CFB,ZR(PPM),0.33015424,0.635006415382751,0.0,98.728685,194.0,-0.24149057,0.37863436,0.62012494,HIGHER_VALUE_MORE_POSITIVE,8099,1987,0.19700575054531033,-0.39971619844436646,4
CFB,NA2O(WT%),0.32720968,-0.8792759064146186,0.0,2.23,3.0,0.47401088,-0.3692565,-0.8432674,LOWER_VALUE_MORE_POSITIVE,10069,17,0.0016855046599246481,0.5070638060569763,5
CFB,NB(PPM),0.3196138,-0.4479926021062049,0.0,6.0,21.81,0.22800204,-0.16290644,-0.39090848,LOWER_VALUE_MORE_POSITIVE,7452,2634,0.2611540749553837,-0.18938717246055603,6
CFB,SIO2(WT%),0.2342948,-0.29993360365141686,1.0120488170664767e-208,48.14,51.56,0.2892255,0.08453923,-0.20468625,LOWER_VALUE_MORE_POSITIVE,10086,0,0.0,,7
CFB,MGO(WT%),0.21138139,-0.8480818690357987,0.0,5.2816094666395745,8.05,0.322361,-0.20817164,-0.5305326,LOWER_VALUE_MORE_POSITIVE,10075,11,0.001090620662304184,-0.6501797437667847,8
CFB,TIO2(WT%),0.20438342,-0.8875833292446844,0.0,1.31,2.7279225,0.30232573,-0.2773932,-0.57971895,LOWER_VALUE_MORE_POSITIVE,10078,8,0.000793178663493952,-0.9659250974655151,9
CFB,RB(PPM),0.1907285,0.7619224412908345,0.0,5.25,28.0,-0.09952528,0.38000667,0.47953194,HIGHER_VALUE_MORE_POSITIVE,7908,2178,0.21594289113622844,0.11495667695999146,10
CFB,NI(PPM),0.17878366,0.5412379053214917,0.0,44.0,124.1,-0.23439202,0.117965415,0.35235745,HIGHER_VALUE_MORE_POSITIVE,7668,2418,0.23973825104104698,-0.0738685205578804,11
CFB,CAO(WT%),0.15721644,-0.8104366339904954,0.0,8.91,11.1,0.16906266,-0.29374695,-0.46280962,LOWER_VALUE_MORE_POSITIVE,10073,13,0.001288915328177672,-0.7195011973381042,12
CFB,K2O(WT%),0.14463267,0.35256613929443903,5.488322563639804e-292,0.31,1.11575,-0.116638005,0.115344875,0.23198289,HIGHER_VALUE_MORE_POSITIVE,10050,36,0.003569303985722784,-0.21976423263549805,13
CFB,SR(PPM),0.14212945,0.15233668436704534,5.511658957959425e-44,179.95630649999998,390.0,-0.21108612,0.0229548,0.23404092,HIGHER_VALUE_MORE_POSITIVE,8243,1843,0.1827285346024192,0.08423866331577301,14
CFB,P2O5(WT%),0.12663911,-0.6348455845279346,0.0,0.15,0.41,0.19565107,-0.057557054,-0.25320813,LOWER_VALUE_MORE_POSITIVE,9929,157,0.015566131271068808,-0.4447236657142639,15
CFB,Y(PPM),0.100861035,-0.5324109102061377,0.0,23.4,36.0,0.076709144,-0.083676584,-0.16038573,LOWER_VALUE_MORE_POSITIVE,7881,2205,0.21861986912552053,-0.12579591572284698,16
CFB,MNO(WT%),0.07280314,0.1325594087090893,2.281457066360062e-40,0.16796267926630276,0.2,0.022692123,-0.00901792,-0.031710044,LOWER_VALUE_MORE_POSITIVE,9982,104,0.010311322625421376,-0.06264203041791916,17
CFB,CR(PPM),0.06728587,-0.13383429353951978,3.209386343570487e-30,75.0,303.43,-0.04002764,-0.04290856,-0.0028809197,LOWER_VALUE_MORE_POSITIVE,7222,2864,0.2839579615308348,0.030667325481772423,18
CFB,V(PPM),0.048792813,0.11966643092422716,1.2573558148826378e-23,250.0,353.0,-0.015289102,0.017258035,0.03254714,HIGHER_VALUE_MORE_POSITIVE,6962,3124,0.30973626809438826,0.007446777541190386,19
IAB,CAO(WT%),0.84218127,-0.9404605616868739,0.0,8.91,11.1,0.5812484,-1.7241421,-2.3053904,LOWER_VALUE_MORE_POSITIVE,10073,13,0.001288915328177672,-1.8226449489593506,1
IAB,AL2O3(WT%),0.78756607,0.8632638806745436,0.0,13.45,15.34,-1.3153766,0.09418236,1.409559,HIGHER_VALUE_MORE_POSITIVE,10079,7,0.000694031330557208,-1.1731021404266357,2
IAB,TIO2(WT%),0.4973282,-0.8774697066318136,0.0,1.31,2.7279225,0.12554999,-0.96921223,-1.0947622,LOWER_VALUE_MORE_POSITIVE,10078,8,0.000793178663493952,-0.7299909591674805,3
IAB,FE_TOTAL(WT%),0.42081884,-0.9156150898944849,0.0,10.10946,12.50722,0.17037283,-0.7343603,-0.9047331,LOWER_VALUE_MORE_POSITIVE,10077,9,0.000892325996430696,-0.4448249638080597,4
IAB,V(PPM),0.2813556,-0.1317119346343143,2.5620175480490414e-28,250.0,353.0,-0.24578106,-0.34611967,-0.10033861,LOWER_VALUE_MORE_POSITIVE,6962,3124,0.30973626809438826,0.20100370049476624,5
IAB,SR(PPM),0.25861052,0.5021205265801818,0.0,179.95630649999998,390.0,-0.77195144,-0.03632108,0.73563033,HIGHER_VALUE_MORE_POSITIVE,8243,1843,0.1827285346024192,-0.07571909576654434,6
IAB,MGO(WT%),0.19683003,0.16540055755488928,1.016595959432625e-62,5.2816094666395745,8.05,-0.21120992,-0.1836727,0.027537227,HIGHER_VALUE_MORE_POSITIVE,10075,11,0.001090620662304184,-0.4043634533882141,7
IAB,P2O5(WT%),0.18023312,0.739788443760296,0.0,0.15,0.41,-0.17562106,0.19196649,0.36758757,HIGHER_VALUE_MORE_POSITIVE,9929,157,0.015566131271068808,-0.429997056722641,8
IAB,SIO2(WT%),0.1781869,-0.7624511663007821,0.0,48.14,51.56,0.11834189,-0.38450333,-0.5028452,LOWER_VALUE_MORE_POSITIVE,10086,0,0.0,,9
IAB,ZR(PPM),0.17662962,-0.543908602177353,0.0,98.728685,194.0,-0.070564166,-0.3218127,-0.25124854,LOWER_VALUE_MORE_POSITIVE,8099,1987,0.19700575054531033,0.110369473695755,10
IAB,K2O(WT%),0.15547809,-0.15498610590715542,4.55492767937152e-55,0.31,1.11575,0.08209813,-0.07965507,-0.1617532,LOWER_VALUE_MORE_POSITIVE,10050,36,0.003569303985722784,-0.6987608075141907,11
IAB,Y(PPM),0.15075155,-0.8686124815262216,0.0,23.4,36.0,0.09023988,-0.30748177,-0.39772165,LOWER_VALUE_MORE_POSITIVE,7881,2205,0.21861986912552053,-0.05440148338675499,12
IAB,NA2O(WT%),0.12273526,-0.21661218231677953,3.233090077144693e-107,2.23,3.0,0.015875693,-0.1314329,-0.1473086,LOWER_VALUE_MORE_POSITIVE,10069,17,0.0016855046599246481,-0.7647767066955566,13
IAB,BA(PPM),0.11645895,0.055229298687074095,1.0161707287271e-06,81.0,394.0,0.092186034,0.0856279,-0.006558135,LOWER_VALUE_MORE_POSITIVE,7825,2261,0.2241721197699782,-0.14594358205795288,14
IAB,NB(PPM),0.11613876,-0.31844330229093193,3.0629886163902306e-175,6.0,21.81,0.104592785,-0.044982698,-0.14957549,LOWER_VALUE_MORE_POSITIVE,7452,2634,0.2611540749553837,-0.07469938695430756,15
IAB,MNO(WT%),0.11439126,-0.444693627788643,0.0,0.16796267926630276,0.2,-0.015979089,-0.13073568,-0.11475659,LOWER_VALUE_MORE_POSITIVE,9982,104,0.010311322625421376,-1.501584529876709,16
IAB,CR(PPM),0.1136129,0.884027114699031,0.0,75.0,303.43,-0.23947313,0.153675,0.39314812,HIGHER_VALUE_MORE_POSITIVE,7222,2864,0.2839579615308348,-0.06665021926164627,17
IAB,NI(PPM),0.11320147,-0.6752988277111451,0.0,44.0,124.1,0.06150717,-0.31527123,-0.3767784,LOWER_VALUE_MORE_POSITIVE,7668,2418,0.23973825104104698,-0.028230832889676094,18
IAB,RB(PPM),0.09823687,0.8003752654307356,0.0,5.25,28.0,-0.17348604,0.095719114,0.26920515,HIGHER_VALUE_MORE_POSITIVE,7908,2178,0.21594289113622844,-0.0372508242726326,19
IOAB,TIO2(WT%),2.5400705,-0.6526078514952816,0.0,1.31,2.7279225,-0.8218142,-2.987345,-2.1655307,LOWER_VALUE_MORE_POSITIVE,10078,8,0.000793178663493952,-2.993401050567627,1
IOAB,NB(PPM),1.9268475,0.02141299874516757,0.0645476443473112,6.0,21.81,-1.855059,-2.3764575,-0.5213984,LOWER_VALUE_MORE_POSITIVE,7452,2634,0.2611540749553837,0.3578036427497864,2
IOAB,P2O5(WT%),0.6274147,-0.8713678494008763,0.0,0.15,0.41,-0.08573771,-1.0778469,-0.9921092,LOWER_VALUE_MORE_POSITIVE,9929,157,0.015566131271068808,-1.3507167100906372,3
IOAB,AL2O3(WT%),0.6261454,0.7900231183592197,0.0,13.45,15.34,-0.8552814,-0.049131945,0.8061495,HIGHER_VALUE_MORE_POSITIVE,10079,7,0.000694031330557208,-0.9132512211799622,4
IOAB,MGO(WT%),0.5577485,-0.697412508749786,0.0,5.2816094666395745,8.05,0.38600612,-0.6545042,-1.0405103,LOWER_VALUE_MORE_POSITIVE,10075,11,0.001090620662304184,-0.9023059606552124,5
IOAB,MNO(WT%),0.53317374,0.894007619136371,0.0,0.16796267926630276,0.2,-0.79210025,0.5033743,1.2954745,HIGHER_VALUE_MORE_POSITIVE,9982,104,0.010311322625421376,-1.5705771446228027,6
IOAB,FE_TOTAL(WT%),0.48548013,0.9156200027720558,0.0,10.10946,12.50722,-0.63590145,0.5846078,1.2205093,HIGHER_VALUE_MORE_POSITIVE,10077,9,0.000892325996430696,-0.8875811100006104,7
IOAB,BA(PPM),0.36872965,0.22197227384343235,5.96467366865532e-88,81.0,394.0,-0.5318399,-0.057682958,0.47415695,HIGHER_VALUE_MORE_POSITIVE,7825,2261,0.2241721197699782,-0.5573683977127075,8
IOAB,CAO(WT%),0.334715,0.8566986278861155,0.0,8.91,11.1,-0.54519343,0.091287114,0.63648057,HIGHER_VALUE_MORE_POSITIVE,10073,13,0.001288915328177672,-0.47682029008865356,9
IOAB,V(PPM),0.30067313,0.8874186203256693,0.0,250.0,353.0,-0.5233459,0.4138829,0.9372288,HIGHER_VALUE_MORE_POSITIVE,6962,3124,0.30973626809438826,-0.13277728855609894,10
IOAB,NA2O(WT%),0.29370713,-0.440105265175076,0.0,2.23,3.0,-0.015549843,-0.31576198,-0.30021214,LOWER_VALUE_MORE_POSITIVE,10069,17,0.0016855046599246481,-0.7494412660598755,11
IOAB,ZR(PPM),0.28845057,-0.36903256068524887,9.542639121780576e-260,98.728685,194.0,-0.11866036,-0.3611535,-0.24249315,LOWER_VALUE_MORE_POSITIVE,8099,1987,0.19700575054531033,-0.09519599378108978,12
IOAB,RB(PPM),0.27929947,-0.7920617929355531,0.0,5.25,28.0,0.072742425,-0.45636523,-0.52910763,LOWER_VALUE_MORE_POSITIVE,7908,2178,0.21594289113622844,-0.26523396372795105,13
IOAB,K2O(WT%),0.27538887,0.1116594955638001,2.98605809760497e-29,0.31,1.11575,-0.63514274,-0.25865155,0.3764912,HIGHER_VALUE_MORE_POSITIVE,10050,36,0.003569303985722784,-1.3784818649291992,14
IOAB,SIO2(WT%),0.2624228,0.8259802154409007,0.0,48.14,51.56,-0.5033927,0.009082748,0.51247543,HIGHER_VALUE_MORE_POSITIVE,10086,0,0.0,,15
IOAB,NI(PPM),0.2559804,-0.8940747638164729,0.0,44.0,124.1,0.16712016,-0.43229046,-0.59941065,LOWER_VALUE_MORE_POSITIVE,7668,2418,0.23973825104104698,-0.22098742425441742,16
IOAB,CR(PPM),0.21711119,-0.5116646650847646,0.0,75.0,303.43,0.19810493,-0.14553156,-0.3436365,LOWER_VALUE_MORE_POSITIVE,7222,2864,0.2839579615308348,-0.22831414639949799,17
IOAB,SR(PPM),0.17541753,0.10853734977102679,4.986774742736336e-23,179.95630649999998,390.0,-0.28372833,-0.27154085,0.012187481,HIGHER_VALUE_MORE_POSITIVE,8243,1843,0.1827285346024192,-0.1375863254070282,18
IOAB,Y(PPM),0.07191355,0.6888461933663349,0.0,23.4,36.0,-0.0539432,0.08908733,0.14303052,HIGHER_VALUE_MORE_POSITIVE,7881,2205,0.21861986912552053,-0.10168735682964325,19
MORB,SR(PPM),0.6527755,-0.8203304117459217,0.0,179.95630649999998,390.0,0.5551289,-1.0120153,-1.5671442,LOWER_VALUE_MORE_POSITIVE,8243,1843,0.1827285346024192,-0.07127159088850021,1
MORB,BA(PPM),0.5215982,-0.8904167884519308,0.0,81.0,394.0,0.008675246,-1.0216216,-1.0302968,LOWER_VALUE_MORE_POSITIVE,7825,2261,0.2241721197699782,0.2159622311592102,2
MORB,FE_TOTAL(WT%),0.465349,-0.8317618299831252,0.0,10.10946,12.50722,0.339282,-0.6574862,-0.99676824,LOWER_VALUE_MORE_POSITIVE,10077,9,0.000892325996430696,1.0052030086517334,3
MORB,MGO(WT%),0.4529731,0.9139272812639003,0.0,5.2816094666395745,8.05,-0.72934157,0.40176508,1.1311066,HIGHER_VALUE_MORE_POSITIVE,10075,11,0.001090620662304184,0.8824994564056396,4
MORB,Y(PPM),0.43563315,0.9724691095365532,0.0,23.4,36.0,-1.0599815,0.59060746,1.650589,HIGHER_VALUE_MORE_POSITIVE,7881,2205,0.21861986912552053,-0.025095999240875244,5
MORB,CAO(WT%),0.4178465,0.9135221916094687,0.0,8.91,11.1,-0.75313246,0.31751502,1.0706475,HIGHER_VALUE_MORE_POSITIVE,10073,13,0.001288915328177672,0.7877103090286255,6
MORB,K2O(WT%),0.3981392,-0.6573747339856519,0.0,0.31,1.11575,0.21154684,-0.47229698,-0.68384385,LOWER_VALUE_MORE_POSITIVE,10050,36,0.003569303985722784,0.9036463499069214,7
MORB,TIO2(WT%),0.39452344,0.7598263452571647,0.0,1.31,2.7279225,-0.6278627,0.42137247,1.0492351,HIGHER_VALUE_MORE_POSITIVE,10078,8,0.000793178663493952,1.4074678421020508,8
MORB,NB(PPM),0.32744756,0.9098179276987024,0.0,6.0,21.81,-0.482471,0.70998794,1.1924589,HIGHER_VALUE_MORE_POSITIVE,7452,2634,0.2611540749553837,-0.1403270959854126,9
MORB,SIO2(WT%),0.23922846,0.19019321745223244,8.752569957654209e-83,48.14,51.56,-0.38547388,-0.23998535,0.14548853,HIGHER_VALUE_MORE_POSITIVE,10086,0,0.0,,10
MORB,NI(PPM),0.2307063,-0.6532721998487351,0.0,44.0,124.1,-0.04847045,-0.26822385,-0.2197534,LOWER_VALUE_MORE_POSITIVE,7668,2418,0.23973825104104698,0.33120083808898926,11
MORB,NA2O(WT%),0.21328828,0.7717511335464992,0.0,2.23,3.0,-0.3650927,0.09281499,0.45790768,HIGHER_VALUE_MORE_POSITIVE,10069,17,0.0016855046599246481,0.7135283946990967,12
MORB,ZR(PPM),0.17210573,0.4731097821207886,0.0,98.728685,194.0,-0.12512444,0.13206525,0.2571897,HIGHER_VALUE_MORE_POSITIVE,8099,1987,0.19700575054531033,-0.08470262587070465,13
MORB,CR(PPM),0.16286416,0.5683815509669279,0.0,75.0,303.43,0.025480904,0.28259692,0.25711602,HIGHER_VALUE_MORE_POSITIVE,7222,2864,0.2839579615308348,-0.1339970827102661,14
MORB,RB(PPM),0.143988,-0.6694113073010656,0.0,5.25,28.0,-0.048678298,-0.3331101,-0.2844318,LOWER_VALUE_MORE_POSITIVE,7908,2178,0.21594289113622844,0.0341220498085022,15
MORB,P2O5(WT%),0.14251223,0.5539962097247991,0.0,0.15,0.41,-0.08118145,0.1701265,0.25130796,HIGHER_VALUE_MORE_POSITIVE,9929,157,0.015566131271068808,1.0240620374679565,16
MORB,MNO(WT%),0.13797449,0.13033391403866199,4.5257869280728377e-39,0.16796267926630276,0.2,-0.09309074,-0.074424714,0.018666029,HIGHER_VALUE_MORE_POSITIVE,9982,104,0.010311322625421376,0.3974415063858032,17
MORB,AL2O3(WT%),0.122758076,0.4238199886066551,0.0,13.45,15.34,-0.20201178,-0.035425685,0.1665861,HIGHER_VALUE_MORE_POSITIVE,10079,7,0.000694031330557208,0.552891731262207,18
MORB,V(PPM),0.1217148,-0.1761814216792121,1.1946898190209959e-49,250.0,353.0,0.07714971,-0.02698487,-0.10413458,LOWER_VALUE_MORE_POSITIVE,6962,3124,0.30973626809438826,-0.12452097982168198,19
OIB,TIO2(WT%),1.2098417,0.9552689805545437,0.0,1.31,2.7279225,-1.8203619,1.5812259,3.4015877,HIGHER_VALUE_MORE_POSITIVE,10078,8,0.000793178663493952,-1.882084846496582,1
OIB,NB(PPM),0.7221615,0.8937249456978931,0.0,6.0,21.81,-1.7930814,0.23599797,2.0290794,HIGHER_VALUE_MORE_POSITIVE,7452,2634,0.2611540749553837,0.3407090902328491,2
OIB,BA(PPM),0.44098836,-0.8694385931782377,0.0,81.0,394.0,0.51113516,-0.9424841,-1.4536192,LOWER_VALUE_MORE_POSITIVE,7825,2261,0.2241721197699782,0.010106184519827366,3
OIB,MGO(WT%),0.33757165,0.8810209593214151,0.0,5.2816094666395745,8.05,-0.3980939,0.5201256,0.91821957,HIGHER_VALUE_MORE_POSITIVE,10075,11,0.001090620662304184,-0.643166184425354,4
OIB,CAO(WT%),0.33393434,0.8959111426371608,0.0,8.91,11.1,-0.50894547,0.4147165,0.92366195,HIGHER_VALUE_MORE_POSITIVE,10073,13,0.001288915328177672,-0.8032853007316589,5
OIB,SR(PPM),0.27065355,0.8510369161928742,0.0,179.95630649999998,390.0,-0.48045108,0.22039618,0.70084727,HIGHER_VALUE_MORE_POSITIVE,8243,1843,0.1827285346024192,-0.11676985770463943,6
OIB,V(PPM),0.23806672,-0.9327028331523733,0.0,250.0,353.0,0.2957873,-0.62161195,-0.9173993,LOWER_VALUE_MORE_POSITIVE,6962,3124,0.30973626809438826,0.053477443754673004,7
OIB,NI(PPM),0.23459266,0.934392001662729,0.0,44.0,124.1,-0.35299015,0.46319577,0.81618595,HIGHER_VALUE_MORE_POSITIVE,7668,2418,0.23973825104104698,-0.16019994020462036,8
OIB,SIO2(WT%),0.2010036,0.23795693313483193,7.672472157936174e-130,48.14,51.56,0.08284479,0.3205624,0.2377176,HIGHER_VALUE_MORE_POSITIVE,10086,0,0.0,,9
OIB,FE_TOTAL(WT%),0.18685524,0.7051280750836072,0.0,10.10946,12.50722,-0.32585314,0.1368194,0.46267253,HIGHER_VALUE_MORE_POSITIVE,10077,9,0.000892325996430696,-0.604764997959137,10
OIB,Y(PPM),0.18667693,-0.44714622236453916,0.0,23.4,36.0,0.052865025,-0.13402994,-0.18689497,LOWER_VALUE_MORE_POSITIVE,7881,2205,0.21861986912552053,0.23239608108997345,11
OIB,K2O(WT%),0.15710887,-0.32020601249560177,2.304974528733664e-238,0.31,1.11575,-0.07455664,-0.1547465,-0.08018986,LOWER_VALUE_MORE_POSITIVE,10050,36,0.003569303985722784,-1.1682053804397583,12
OIB,NA2O(WT%),0.14048833,-0.38862577430258616,0.0,2.23,3.0,0.15189655,-0.042503044,-0.1943996,LOWER_VALUE_MORE_POSITIVE,10069,17,0.0016855046599246481,-0.6390120983123779,13
OIB,P2O5(WT%),0.14028977,0.7245520328349038,0.0,0.15,0.41,-0.13067573,0.17018202,0.30085775,HIGHER_VALUE_MORE_POSITIVE,9929,157,0.015566131271068808,0.03733919933438301,14
OIB,CR(PPM),0.1374616,0.016953453774585986,0.14969814501619588,75.0,303.43,-0.10893234,-0.12322901,-0.014296673,LOWER_VALUE_MORE_POSITIVE,7222,2864,0.2839579615308348,0.19044294953346252,15
OIB,AL2O3(WT%),0.12589078,-0.2890227095880957,3.646078836452433e-193,13.45,15.34,0.06393486,-0.044800833,-0.108735695,LOWER_VALUE_MORE_POSITIVE,10079,7,0.000694031330557208,0.29635223746299744,16
OIB,ZR(PPM),0.11733358,-0.4244882400331367,0.0,98.728685,194.0,0.09037403,-0.031445183,-0.12181921,LOWER_VALUE_MORE_POSITIVE,8099,1987,0.19700575054531033,0.07772058248519897,17
OIB,RB(PPM),0.07883587,0.0669989643473803,2.464801754267513e-09,5.25,28.0,0.020608103,0.04381973,0.023211626,HIGHER_VALUE_MORE_POSITIVE,7908,2178,0.21594289113622844,-0.11161209642887115,18
OIB,MNO(WT%),0.06321745,-0.44025410251205127,0.0,0.16796267926630276,0.2,0.037797883,-0.049164653,-0.086962536,LOWER_VALUE_MORE_POSITIVE,9982,104,0.010311322625421376,-0.4338858723640442,19
OPB,P2O5(WT%),0.90475136,-0.9522481241677212,0.0,0.15,0.41,0.37829152,-2.1803312,-2.5586228,LOWER_VALUE_MORE_POSITIVE,9929,157,0.015566131271068808,-1.2036004066467285,1
OPB,NB(PPM),0.3703816,-0.34588086694673925,1.9857525571661505e-208,6.0,21.81,-0.30492684,-0.5726908,-0.26776394,LOWER_VALUE_MORE_POSITIVE,7452,2634,0.2611540749553837,-0.17174988985061646,2
OPB,V(PPM),0.35868213,0.8181717605264769,0.0,250.0,353.0,-0.29938614,0.595201,0.89458716,HIGHER_VALUE_MORE_POSITIVE,6962,3124,0.30973626809438826,-0.3573310673236847,3
OPB,SIO2(WT%),0.33626664,-0.9156219923858971,0.0,48.14,51.56,0.22427008,-0.67693305,-0.90120316,LOWER_VALUE_MORE_POSITIVE,10086,0,0.0,,4
OPB,TIO2(WT%),0.3188562,0.6763301629092301,0.0,1.31,2.7279225,-0.5400135,0.2165022,0.7565157,HIGHER_VALUE_MORE_POSITIVE,10078,8,0.000793178663493952,-1.407828450202942,5
OPB,SR(PPM),0.30560422,-0.7533904067912063,0.0,179.95630649999998,390.0,0.1392012,-0.4861712,-0.6253724,LOWER_VALUE_MORE_POSITIVE,8243,1843,0.1827285346024192,-0.29375261068344116,6
OPB,ZR(PPM),0.30087164,-0.3488818212229561,1.606296180211232e-230,98.728685,194.0,0.21730356,-0.23549242,-0.45279598,LOWER_VALUE_MORE_POSITIVE,8099,1987,0.19700575054531033,-0.32520729303359985,7
OPB,K2O(WT%),0.30041555,0.6111969330351431,0.0,0.31,1.11575,-0.21396343,0.30839202,0.52235544,HIGHER_VALUE_MORE_POSITIVE,10050,36,0.003569303985722784,-0.6990598440170288,8
OPB,MGO(WT%),0.28733748,-0.7038457013719622,0.0,5.2816094666395745,8.05,0.06763636,-0.7229868,-0.7906232,LOWER_VALUE_MORE_POSITIVE,10075,11,0.001090620662304184,-1.5995948314666748,9
OPB,BA(PPM),0.2699515,-0.4112395101032403,0.0,81.0,394.0,-0.10440252,-0.30890644,-0.20450392,LOWER_VALUE_MORE_POSITIVE,7825,2261,0.2241721197699782,0.2174949198961258,10
OPB,AL2O3(WT%),0.24051882,-0.6304001211706047,0.0,13.45,15.34,0.17232707,-0.48226127,-0.65458834,LOWER_VALUE_MORE_POSITIVE,10079,7,0.000694031330557208,-2.2461540699005127,11
OPB,RB(PPM),0.21647388,-0.8046845480990654,0.0,5.25,28.0,0.040571228,-0.4142478,-0.45481902,LOWER_VALUE_MORE_POSITIVE,7908,2178,0.21594289113622844,0.014965684153139591,12
OPB,CAO(WT%),0.20311569,-0.6734160374771349,0.0,8.91,11.1,0.08560285,-0.24956515,-0.335168,LOWER_VALUE_MORE_POSITIVE,10073,13,0.001288915328177672,-0.7286232709884644,13
OPB,MNO(WT%),0.19690628,-0.5903406183270012,0.0,0.16796267926630276,0.2,0.09065003,-0.20087244,-0.29152247,LOWER_VALUE_MORE_POSITIVE,9982,104,0.010311322625421376,0.014516066759824753,14
OPB,CR(PPM),0.1729225,0.4928536059230536,0.0,75.0,303.43,-0.17487772,0.078941576,0.2538193,HIGHER_VALUE_MORE_POSITIVE,7222,2864,0.2839579615308348,-0.3284359872341156,15
OPB,NI(PPM),0.16518793,-0.403268505400433,8.037329227947196e-298,44.0,124.1,-0.015293523,-0.23069626,-0.21540274,LOWER_VALUE_MORE_POSITIVE,7668,2418,0.23973825104104698,-0.08608457446098328,16
OPB,NA2O(WT%),0.1306384,-0.1674254968587146,3.333737299370364e-64,2.23,3.0,-0.09255826,-0.115883544,-0.023325287,LOWER_VALUE_MORE_POSITIVE,10069,17,0.0016855046599246481,-0.8128753304481506,17
OPB,FE_TOTAL(WT%),0.1231093,-0.4836735072464459,0.0,10.10946,12.50722,-0.046020467,-0.1833562,-0.13733573,LOWER_VALUE_MORE_POSITIVE,10077,9,0.000892325996430696,-0.8258054256439209,18
OPB,Y(PPM),0.10800414,0.323825095544576,8.169939355260825e-192,23.4,36.0,-0.15029193,-0.07928612,0.071005814,HIGHER_VALUE_MORE_POSITIVE,7881,2205,0.21861986912552053,-0.05919807404279709,19
